,ID,GCM,Demanda
0,0,Clima historico,"Propuesta PEGH Riego, Propuesta PEGH Poblacion"
1,1,Clima historico,"Propuesta PEGH Riego, Aumento 25% Poblacion"
2,2,Clima historico,"Propuesta PEGH Riego, Aumento 50% Poblacion"
3,3,Clima historico,"Aumento 15% Areas Riego, Propuesta PEGH Poblacion"
4,4,Clima historico,"Aumento 15% Areas Riego, Aumento 25% Poblacion"
5,5,Clima historico,"Aumento 15% Areas Riego, Aumento 50% Poblacion"
6,6,Clima historico,"Disminuye 15% Areas Riego, Propuesta PEGH Poblacion"
7,7,Clima historico,"Disminuye 15% Areas Riego, Aumento 25% Poblacion"
8,8,Clima historico,"Disminuye 15% Areas Riego, Aumento 50% Poblacion"
9,9,ACCESS-CM2_ssp126,"Propuesta PEGH Riego, Propuesta PEGH Poblacion"
10,10,ACCESS-CM2_ssp126,"Propuesta PEGH Riego, Aumento 25% Poblacion"
11,11,ACCESS-CM2_ssp126,"Propuesta PEGH Riego, Aumento 50% Poblacion"
12,12,ACCESS-CM2_ssp126,"Aumento 15% Areas Riego, Propuesta PEGH Poblacion"
13,13,ACCESS-CM2_ssp126,"Aumento 15% Areas Riego, Aumento 25% Poblacion"
14,14,ACCESS-CM2_ssp126,"Aumento 15% Areas Riego, Aumento 50% Poblacion"
15,15,ACCESS-CM2_ssp126,"Disminuye 15% Areas Riego, Propuesta PEGH Poblacion"
16,16,ACCESS-CM2_ssp126,"Disminuye 15% Areas Riego, Aumento 25% Poblacion"
17,17,ACCESS-CM2_ssp126,"Disminuye 15% Areas Riego, Aumento 50% Poblacion"
18,18,ACCESS-ESM1-5_ssp126,"Propuesta PEGH Riego, Propuesta PEGH Poblacion"
19,19,ACCESS-ESM1-5_ssp126,"Propuesta PEGH Riego, Aumento 25% Poblacion"
20,20,ACCESS-ESM1-5_ssp126,"Propuesta PEGH Riego, Aumento 50% Poblacion"
21,21,ACCESS-ESM1-5_ssp126,"Aumento 15% Areas Riego, Propuesta PEGH Poblacion"
22,22,ACCESS-ESM1-5_ssp126,"Aumento 15% Areas Riego, Aumento 25% Poblacion"
23,23,ACCESS-ESM1-5_ssp126,"Aumento 15% Areas Riego, Aumento 50% Poblacion"
24,24,ACCESS-ESM1-5_ssp126,"Disminuye 15% Areas Riego, Propuesta PEGH Poblacion"
25,25,ACCESS-ESM1-5_ssp126,"Disminuye 15% Areas Riego, Aumento 25% Poblacion"
26,26,ACCESS-ESM1-5_ssp126,"Disminuye 15% Areas Riego, Aumento 50% Poblacion"
27,27,AWI-CM-1-1-MR_ssp126,"Propuesta PEGH Riego, Propuesta PEGH Poblacion"
28,28,AWI-CM-1-1-MR_ssp126,"Propuesta PEGH Riego, Aumento 25% Poblacion"
29,29,AWI-CM-1-1-MR_ssp126,"Propuesta PEGH Riego, Aumento 50% Poblacion"
30,30,AWI-CM-1-1-MR_ssp126,"Aumento 15% Areas Riego, Propuesta PEGH Poblacion"
31,31,AWI-CM-1-1-MR_ssp126,"Aumento 15% Areas Riego, Aumento 25% Poblacion"
32,32,AWI-CM-1-1-MR_ssp126,"Aumento 15% Areas Riego, Aumento 50% Poblacion"
33,33,AWI-CM-1-1-MR_ssp126,"Disminuye 15% Areas Riego, Propuesta PEGH Poblacion"
34,34,AWI-CM-1-1-MR_ssp126,"Disminuye 15% Areas Riego, Aumento 25% Poblacion"
35,35,AWI-CM-1-1-MR_ssp126,"Disminuye 15% Areas Riego, Aumento 50% Poblacion"
36,36,CMCC-ESM2_ssp126,"Propuesta PEGH Riego, Propuesta PEGH Poblacion"
37,37,CMCC-ESM2_ssp126,"Propuesta PEGH Riego, Aumento 25% Poblacion"
38,38,CMCC-ESM2_ssp126,"Propuesta PEGH Riego, Aumento 50% Poblacion"
39,39,CMCC-ESM2_ssp126,"Aumento 15% Areas Riego, Propuesta PEGH Poblacion"
40,40,CMCC-ESM2_ssp126,"Aumento 15% Areas Riego, Aumento 25% Poblacion"
41,41,CMCC-ESM2_ssp126,"Aumento 15% Areas Riego, Aumento 50% Poblacion"
42,42,CMCC-ESM2_ssp126,"Disminuye 15% Areas Riego, Propuesta PEGH Poblacion"
43,43,CMCC-ESM2_ssp126,"Disminuye 15% Areas Riego, Aumento 25% Poblacion"
44,44,CMCC-ESM2_ssp126,"Disminuye 15% Areas Riego, Aumento 50% Poblacion"
45,45,EC-Earth3_ssp126,"Propuesta PEGH Riego, Propuesta PEGH Poblacion"
46,46,EC-Earth3_ssp126,"Propuesta PEGH Riego, Aumento 25% Poblacion"
47,47,EC-Earth3_ssp126,"Propuesta PEGH Riego, Aumento 50% Poblacion"
48,48,EC-Earth3_ssp126,"Aumento 15% Areas Riego, Propuesta PEGH Poblacion"
49,49,EC-Earth3_ssp126,"Aumento 15% Areas Riego, Aumento 25% Poblacion"
50,50,EC-Earth3_ssp126,"Aumento 15% Areas Riego, Aumento 50% Poblacion"
51,51,EC-Earth3_ssp126,"Disminuye 15% Areas Riego, Propuesta PEGH Poblacion"
52,52,EC-Earth3_ssp126,"Disminuye 15% Areas Riego, Aumento 25% Poblacion"
53,53,EC-Earth3_ssp126,"Disminuye 15% Areas Riego, Aumento 50% Poblacion"
54,54,EC-Earth3-Veg_ssp126,"Propuesta PEGH Riego, Propuesta PEGH Poblacion"
55,55,EC-Earth3-Veg_ssp126,"Propuesta PEGH Riego, Aumento 25% Poblacion"
56,56,EC-Earth3-Veg_ssp126,"Propuesta PEGH Riego, Aumento 50% Poblacion"
57,57,EC-Earth3-Veg_ssp126,"Aumento 15% Areas Riego, Propuesta PEGH Poblacion"
58,58,EC-Earth3-Veg_ssp126,"Aumento 15% Areas Riego, Aumento 25% Poblacion"
59,59,EC-Earth3-Veg_ssp126,"Aumento 15% Areas Riego, Aumento 50% Poblacion"
60,60,EC-Earth3-Veg_ssp126,"Disminuye 15% Areas Riego, Propuesta PEGH Poblacion"
61,61,EC-Earth3-Veg_ssp126,"Disminuye 15% Areas Riego, Aumento 25% Poblacion"
62,62,EC-Earth3-Veg_ssp126,"Disminuye 15% Areas Riego, Aumento 50% Poblacion"
63,63,EC-Earth3-Veg-LR_ssp126,"Propuesta PEGH Riego, Propuesta PEGH Poblacion"
64,64,EC-Earth3-Veg-LR_ssp126,"Propuesta PEGH Riego, Aumento 25% Poblacion"
65,65,EC-Earth3-Veg-LR_ssp126,"Propuesta PEGH Riego, Aumento 50% Poblacion"
66,66,EC-Earth3-Veg-LR_ssp126,"Aumento 15% Areas Riego, Propuesta PEGH Poblacion"
67,67,EC-Earth3-Veg-LR_ssp126,"Aumento 15% Areas Riego, Aumento 25% Poblacion"
68,68,EC-Earth3-Veg-LR_ssp126,"Aumento 15% Areas Riego, Aumento 50% Poblacion"
69,69,EC-Earth3-Veg-LR_ssp126,"Disminuye 15% Areas Riego, Propuesta PEGH Poblacion"
70,70,EC-Earth3-Veg-LR_ssp126,"Disminuye 15% Areas Riego, Aumento 25% Poblacion"
71,71,EC-Earth3-Veg-LR_ssp126,"Disminuye 15% Areas Riego, Aumento 50% Poblacion"
72,72,HadGEM3-GC31-LL_ssp126,"Propuesta PEGH Riego, Propuesta PEGH Poblacion"
73,73,HadGEM3-GC31-LL_ssp126,"Propuesta PEGH Riego, Aumento 25% Poblacion"
74,74,HadGEM3-GC31-LL_ssp126,"Propuesta PEGH Riego, Aumento 50% Poblacion"
75,75,HadGEM3-GC31-LL_ssp126,"Aumento 15% Areas Riego, Propuesta PEGH Poblacion"
76,76,HadGEM3-GC31-LL_ssp126,"Aumento 15% Areas Riego, Aumento 25% Poblacion"
77,77,HadGEM3-GC31-LL_ssp126,"Aumento 15% Areas Riego, Aumento 50% Poblacion"
78,78,HadGEM3-GC31-LL_ssp126,"Disminuye 15% Areas Riego, Propuesta PEGH Poblacion"
79,79,HadGEM3-GC31-LL_ssp126,"Disminuye 15% Areas Riego, Aumento 25% Poblacion"
80,80,HadGEM3-GC31-LL_ssp126,"Disminuye 15% Areas Riego, Aumento 50% Poblacion"
81,81,KACE-1-0-G_ssp126,"Propuesta PEGH Riego, Propuesta PEGH Poblacion"
82,82,KACE-1-0-G_ssp126,"Propuesta PEGH Riego, Aumento 25% Poblacion"
83,83,KACE-1-0-G_ssp126,"Propuesta PEGH Riego, Aumento 50% Poblacion"
84,84,KACE-1-0-G_ssp126,"Aumento 15% Areas Riego, Propuesta PEGH Poblacion"
85,85,KACE-1-0-G_ssp126,"Aumento 15% Areas Riego, Aumento 25% Poblacion"
86,86,KACE-1-0-G_ssp126,"Aumento 15% Areas Riego, Aumento 50% Poblacion"
87,87,KACE-1-0-G_ssp126,"Disminuye 15% Areas Riego, Propuesta PEGH Poblacion"
88,88,KACE-1-0-G_ssp126,"Disminuye 15% Areas Riego, Aumento 25% Poblacion"
89,89,KACE-1-0-G_ssp126,"Disminuye 15% Areas Riego, Aumento 50% Poblacion"
90,90,MPI-ESM1-2-LR_ssp126,"Propuesta PEGH Riego, Propuesta PEGH Poblacion"
91,91,MPI-ESM1-2-LR_ssp126,"Propuesta PEGH Riego, Aumento 25% Poblacion"
92,92,MPI-ESM1-2-LR_ssp126,"Propuesta PEGH Riego, Aumento 50% Poblacion"
93,93,MPI-ESM1-2-LR_ssp126,"Aumento 15% Areas Riego, Propuesta PEGH Poblacion"
94,94,MPI-ESM1-2-LR_ssp126,"Aumento 15% Areas Riego, Aumento 25% Poblacion"
95,95,MPI-ESM1-2-LR_ssp126,"Aumento 15% Areas Riego, Aumento 50% Poblacion"
96,96,MPI-ESM1-2-LR_ssp126,"Disminuye 15% Areas Riego, Propuesta PEGH Poblacion"
97,97,MPI-ESM1-2-LR_ssp126,"Disminuye 15% Areas Riego, Aumento 25% Poblacion"
98,98,MPI-ESM1-2-LR_ssp126,"Disminuye 15% Areas Riego, Aumento 50% Poblacion"
99,99,NESM3_ssp126,"Propuesta PEGH Riego, Propuesta PEGH Poblacion"
100,100,NESM3_ssp126,"Propuesta PEGH Riego, Aumento 25% Poblacion"
101,101,NESM3_ssp126,"Propuesta PEGH Riego, Aumento 50% Poblacion"
102,102,NESM3_ssp126,"Aumento 15% Areas Riego, Propuesta PEGH Poblacion"
103,103,NESM3_ssp126,"Aumento 15% Areas Riego, Aumento 25% Poblacion"
104,104,NESM3_ssp126,"Aumento 15% Areas Riego, Aumento 50% Poblacion"
105,105,NESM3_ssp126,"Disminuye 15% Areas Riego, Propuesta PEGH Poblacion"
106,106,NESM3_ssp126,"Disminuye 15% Areas Riego, Aumento 25% Poblacion"
107,107,NESM3_ssp126,"Disminuye 15% Areas Riego, Aumento 50% Poblacion"
108,108,ACCESS-CM2_ssp245,"Propuesta PEGH Riego, Propuesta PEGH Poblacion"
109,109,ACCESS-CM2_ssp245,"Propuesta PEGH Riego, Aumento 25% Poblacion"
110,110,ACCESS-CM2_ssp245,"Propuesta PEGH Riego, Aumento 50% Poblacion"
111,111,ACCESS-CM2_ssp245,"Aumento 15% Areas Riego, Propuesta PEGH Poblacion"
112,112,ACCESS-CM2_ssp245,"Aumento 15% Areas Riego, Aumento 25% Poblacion"
113,113,ACCESS-CM2_ssp245,"Aumento 15% Areas Riego, Aumento 50% Poblacion"
114,114,ACCESS-CM2_ssp245,"Disminuye 15% Areas Riego, Propuesta PEGH Poblacion"
115,115,ACCESS-CM2_ssp245,"Disminuye 15% Areas Riego, Aumento 25% Poblacion"
116,116,ACCESS-CM2_ssp245,"Disminuye 15% Areas Riego, Aumento 50% Poblacion"
117,117,ACCESS-ESM1-5_ssp245,"Propuesta PEGH Riego, Propuesta PEGH Poblacion"
118,118,ACCESS-ESM1-5_ssp245,"Propuesta PEGH Riego, Aumento 25% Poblacion"
119,119,ACCESS-ESM1-5_ssp245,"Propuesta PEGH Riego, Aumento 50% Poblacion"
120,120,ACCESS-ESM1-5_ssp245,"Aumento 15% Areas Riego, Propuesta PEGH Poblacion"
121,121,ACCESS-ESM1-5_ssp245,"Aumento 15% Areas Riego, Aumento 25% Poblacion"
122,122,ACCESS-ESM1-5_ssp245,"Aumento 15% Areas Riego, Aumento 50% Poblacion"
123,123,ACCESS-ESM1-5_ssp245,"Disminuye 15% Areas Riego, Propuesta PEGH Poblacion"
124,124,ACCESS-ESM1-5_ssp245,"Disminuye 15% Areas Riego, Aumento 25% Poblacion"
125,125,ACCESS-ESM1-5_ssp245,"Disminuye 15% Areas Riego, Aumento 50% Poblacion"
126,126,AWI-CM-1-1-MR_ssp245,"Propuesta PEGH Riego, Propuesta PEGH Poblacion"
127,127,AWI-CM-1-1-MR_ssp245,"Propuesta PEGH Riego, Aumento 25% Poblacion"
128,128,AWI-CM-1-1-MR_ssp245,"Propuesta PEGH Riego, Aumento 50% Poblacion"
129,129,AWI-CM-1-1-MR_ssp245,"Aumento 15% Areas Riego, Propuesta PEGH Poblacion"
130,130,AWI-CM-1-1-MR_ssp245,"Aumento 15% Areas Riego, Aumento 25% Poblacion"
131,131,AWI-CM-1-1-MR_ssp245,"Aumento 15% Areas Riego, Aumento 50% Poblacion"
132,132,AWI-CM-1-1-MR_ssp245,"Disminuye 15% Areas Riego, Propuesta PEGH Poblacion"
133,133,AWI-CM-1-1-MR_ssp245,"Disminuye 15% Areas Riego, Aumento 25% Poblacion"
134,134,AWI-CM-1-1-MR_ssp245,"Disminuye 15% Areas Riego, Aumento 50% Poblacion"
135,135,CMCC-ESM2_ssp245,"Propuesta PEGH Riego, Propuesta PEGH Poblacion"
136,136,CMCC-ESM2_ssp245,"Propuesta PEGH Riego, Aumento 25% Poblacion"
137,137,CMCC-ESM2_ssp245,"Propuesta PEGH Riego, Aumento 50% Poblacion"
138,138,CMCC-ESM2_ssp245,"Aumento 15% Areas Riego, Propuesta PEGH Poblacion"
139,139,CMCC-ESM2_ssp245,"Aumento 15% Areas Riego, Aumento 25% Poblacion"
140,140,CMCC-ESM2_ssp245,"Aumento 15% Areas Riego, Aumento 50% Poblacion"
141,141,CMCC-ESM2_ssp245,"Disminuye 15% Areas Riego, Propuesta PEGH Poblacion"
142,142,CMCC-ESM2_ssp245,"Disminuye 15% Areas Riego, Aumento 25% Poblacion"
143,143,CMCC-ESM2_ssp245,"Disminuye 15% Areas Riego, Aumento 50% Poblacion"
144,144,EC-Earth3_ssp245,"Propuesta PEGH Riego, Propuesta PEGH Poblacion"
145,145,EC-Earth3_ssp245,"Propuesta PEGH Riego, Aumento 25% Poblacion"
146,146,EC-Earth3_ssp245,"Propuesta PEGH Riego, Aumento 50% Poblacion"
147,147,EC-Earth3_ssp245,"Aumento 15% Areas Riego, Propuesta PEGH Poblacion"
148,148,EC-Earth3_ssp245,"Aumento 15% Areas Riego, Aumento 25% Poblacion"
149,149,EC-Earth3_ssp245,"Aumento 15% Areas Riego, Aumento 50% Poblacion"
150,150,EC-Earth3_ssp245,"Disminuye 15% Areas Riego, Propuesta PEGH Poblacion"
151,151,EC-Earth3_ssp245,"Disminuye 15% Areas Riego, Aumento 25% Poblacion"
152,152,EC-Earth3_ssp245,"Disminuye 15% Areas Riego, Aumento 50% Poblacion"
153,153,EC-Earth3-Veg_ssp245,"Propuesta PEGH Riego, Propuesta PEGH Poblacion"
154,154,EC-Earth3-Veg_ssp245,"Propuesta PEGH Riego, Aumento 25% Poblacion"
155,155,EC-Earth3-Veg_ssp245,"Propuesta PEGH Riego, Aumento 50% Poblacion"
156,156,EC-Earth3-Veg_ssp245,"Aumento 15% Areas Riego, Propuesta PEGH Poblacion"
157,157,EC-Earth3-Veg_ssp245,"Aumento 15% Areas Riego, Aumento 25% Poblacion"
158,158,EC-Earth3-Veg_ssp245,"Aumento 15% Areas Riego, Aumento 50% Poblacion"
159,159,EC-Earth3-Veg_ssp245,"Disminuye 15% Areas Riego, Propuesta PEGH Poblacion"
160,160,EC-Earth3-Veg_ssp245,"Disminuye 15% Areas Riego, Aumento 25% Poblacion"
161,161,EC-Earth3-Veg_ssp245,"Disminuye 15% Areas Riego, Aumento 50% Poblacion"
162,162,EC-Earth3-Veg-LR_ssp245,"Propuesta PEGH Riego, Propuesta PEGH Poblacion"
163,163,EC-Earth3-Veg-LR_ssp245,"Propuesta PEGH Riego, Aumento 25% Poblacion"
164,164,EC-Earth3-Veg-LR_ssp245,"Propuesta PEGH Riego, Aumento 50% Poblacion"
165,165,EC-Earth3-Veg-LR_ssp245,"Aumento 15% Areas Riego, Propuesta PEGH Poblacion"
166,166,EC-Earth3-Veg-LR_ssp245,"Aumento 15% Areas Riego, Aumento 25% Poblacion"
167,167,EC-Earth3-Veg-LR_ssp245,"Aumento 15% Areas Riego, Aumento 50% Poblacion"
168,168,EC-Earth3-Veg-LR_ssp245,"Disminuye 15% Areas Riego, Propuesta PEGH Poblacion"
169,169,EC-Earth3-Veg-LR_ssp245,"Disminuye 15% Areas Riego, Aumento 25% Poblacion"
170,170,EC-Earth3-Veg-LR_ssp245,"Disminuye 15% Areas Riego, Aumento 50% Poblacion"
171,171,HadGEM3-GC31-LL_ssp245,"Propuesta PEGH Riego, Propuesta PEGH Poblacion"
172,172,HadGEM3-GC31-LL_ssp245,"Propuesta PEGH Riego, Aumento 25% Poblacion"
173,173,HadGEM3-GC31-LL_ssp245,"Propuesta PEGH Riego, Aumento 50% Poblacion"
174,174,HadGEM3-GC31-LL_ssp245,"Aumento 15% Areas Riego, Propuesta PEGH Poblacion"
175,175,HadGEM3-GC31-LL_ssp245,"Aumento 15% Areas Riego, Aumento 25% Poblacion"
176,176,HadGEM3-GC31-LL_ssp245,"Aumento 15% Areas Riego, Aumento 50% Poblacion"
177,177,HadGEM3-GC31-LL_ssp245,"Disminuye 15% Areas Riego, Propuesta PEGH Poblacion"
178,178,HadGEM3-GC31-LL_ssp245,"Disminuye 15% Areas Riego, Aumento 25% Poblacion"
179,179,HadGEM3-GC31-LL_ssp245,"Disminuye 15% Areas Riego, Aumento 50% Poblacion"
180,180,KACE-1-0-G_ssp245,"Propuesta PEGH Riego, Propuesta PEGH Poblacion"
181,181,KACE-1-0-G_ssp245,"Propuesta PEGH Riego, Aumento 25% Poblacion"
182,182,KACE-1-0-G_ssp245,"Propuesta PEGH Riego, Aumento 50% Poblacion"
183,183,KACE-1-0-G_ssp245,"Aumento 15% Areas Riego, Propuesta PEGH Poblacion"
184,184,KACE-1-0-G_ssp245,"Aumento 15% Areas Riego, Aumento 25% Poblacion"
185,185,KACE-1-0-G_ssp245,"Aumento 15% Areas Riego, Aumento 50% Poblacion"
186,186,KACE-1-0-G_ssp245,"Disminuye 15% Areas Riego, Propuesta PEGH Poblacion"
187,187,KACE-1-0-G_ssp245,"Disminuye 15% Areas Riego, Aumento 25% Poblacion"
188,188,KACE-1-0-G_ssp245,"Disminuye 15% Areas Riego, Aumento 50% Poblacion"
189,189,MPI-ESM1-2-LR_ssp245,"Propuesta PEGH Riego, Propuesta PEGH Poblacion"
190,190,MPI-ESM1-2-LR_ssp245,"Propuesta PEGH Riego, Aumento 25% Poblacion"
191,191,MPI-ESM1-2-LR_ssp245,"Propuesta PEGH Riego, Aumento 50% Poblacion"
192,192,MPI-ESM1-2-LR_ssp245,"Aumento 15% Areas Riego, Propuesta PEGH Poblacion"
193,193,MPI-ESM1-2-LR_ssp245,"Aumento 15% Areas Riego, Aumento 25% Poblacion"
194,194,MPI-ESM1-2-LR_ssp245,"Aumento 15% Areas Riego, Aumento 50% Poblacion"
195,195,MPI-ESM1-2-LR_ssp245,"Disminuye 15% Areas Riego, Propuesta PEGH Poblacion"
196,196,MPI-ESM1-2-LR_ssp245,"Disminuye 15% Areas Riego, Aumento 25% Poblacion"
197,197,MPI-ESM1-2-LR_ssp245,"Disminuye 15% Areas Riego, Aumento 50% Poblacion"
198,198,NESM3_ssp245,"Propuesta PEGH Riego, Propuesta PEGH Poblacion"
199,199,NESM3_ssp245,"Propuesta PEGH Riego, Aumento 25% Poblacion"
200,200,NESM3_ssp245,"Propuesta PEGH Riego, Aumento 50% Poblacion"
201,201,NESM3_ssp245,"Aumento 15% Areas Riego, Propuesta PEGH Poblacion"
202,202,NESM3_ssp245,"Aumento 15% Areas Riego, Aumento 25% Poblacion"
203,203,NESM3_ssp245,"Aumento 15% Areas Riego, Aumento 50% Poblacion"
204,204,NESM3_ssp245,"Disminuye 15% Areas Riego, Propuesta PEGH Poblacion"
205,205,NESM3_ssp245,"Disminuye 15% Areas Riego, Aumento 25% Poblacion"
206,206,NESM3_ssp245,"Disminuye 15% Areas Riego, Aumento 50% Poblacion"
207,207,ACCESS-CM2_ssp585,"Propuesta PEGH Riego, Propuesta PEGH Poblacion"
208,208,ACCESS-CM2_ssp585,"Propuesta PEGH Riego, Aumento 25% Poblacion"
209,209,ACCESS-CM2_ssp585,"Propuesta PEGH Riego, Aumento 50% Poblacion"
210,210,ACCESS-CM2_ssp585,"Aumento 15% Areas Riego, Propuesta PEGH Poblacion"
211,211,ACCESS-CM2_ssp585,"Aumento 15% Areas Riego, Aumento 25% Poblacion"
212,212,ACCESS-CM2_ssp585,"Aumento 15% Areas Riego, Aumento 50% Poblacion"
213,213,ACCESS-CM2_ssp585,"Disminuye 15% Areas Riego, Propuesta PEGH Poblacion"
214,214,ACCESS-CM2_ssp585,"Disminuye 15% Areas Riego, Aumento 25% Poblacion"
215,215,ACCESS-CM2_ssp585,"Disminuye 15% Areas Riego, Aumento 50% Poblacion"
216,216,ACCESS-ESM1-5_ssp585,"Propuesta PEGH Riego, Propuesta PEGH Poblacion"
217,217,ACCESS-ESM1-5_ssp585,"Propuesta PEGH Riego, Aumento 25% Poblacion"
218,218,ACCESS-ESM1-5_ssp585,"Propuesta PEGH Riego, Aumento 50% Poblacion"
219,219,ACCESS-ESM1-5_ssp585,"Aumento 15% Areas Riego, Propuesta PEGH Poblacion"
220,220,ACCESS-ESM1-5_ssp585,"Aumento 15% Areas Riego, Aumento 25% Poblacion"
221,221,ACCESS-ESM1-5_ssp585,"Aumento 15% Areas Riego, Aumento 50% Poblacion"
222,222,ACCESS-ESM1-5_ssp585,"Disminuye 15% Areas Riego, Propuesta PEGH Poblacion"
223,223,ACCESS-ESM1-5_ssp585,"Disminuye 15% Areas Riego, Aumento 25% Poblacion"
224,224,ACCESS-ESM1-5_ssp585,"Disminuye 15% Areas Riego, Aumento 50% Poblacion"
225,225,AWI-CM-1-1-MR_ssp585,"Propuesta PEGH Riego, Propuesta PEGH Poblacion"
226,226,AWI-CM-1-1-MR_ssp585,"Propuesta PEGH Riego, Aumento 25% Poblacion"
227,227,AWI-CM-1-1-MR_ssp585,"Propuesta PEGH Riego, Aumento 50% Poblacion"
228,228,AWI-CM-1-1-MR_ssp585,"Aumento 15% Areas Riego, Propuesta PEGH Poblacion"
229,229,AWI-CM-1-1-MR_ssp585,"Aumento 15% Areas Riego, Aumento 25% Poblacion"
230,230,AWI-CM-1-1-MR_ssp585,"Aumento 15% Areas Riego, Aumento 50% Poblacion"
231,231,AWI-CM-1-1-MR_ssp585,"Disminuye 15% Areas Riego, Propuesta PEGH Poblacion"
232,232,AWI-CM-1-1-MR_ssp585,"Disminuye 15% Areas Riego, Aumento 25% Poblacion"
233,233,AWI-CM-1-1-MR_ssp585,"Disminuye 15% Areas Riego, Aumento 50% Poblacion"
234,234,CMCC-ESM2_ssp585,"Propuesta PEGH Riego, Propuesta PEGH Poblacion"
235,235,CMCC-ESM2_ssp585,"Propuesta PEGH Riego, Aumento 25% Poblacion"
236,236,CMCC-ESM2_ssp585,"Propuesta PEGH Riego, Aumento 50% Poblacion"
237,237,CMCC-ESM2_ssp585,"Aumento 15% Areas Riego, Propuesta PEGH Poblacion"
238,238,CMCC-ESM2_ssp585,"Aumento 15% Areas Riego, Aumento 25% Poblacion"
239,239,CMCC-ESM2_ssp585,"Aumento 15% Areas Riego, Aumento 50% Poblacion"
240,240,CMCC-ESM2_ssp585,"Disminuye 15% Areas Riego, Propuesta PEGH Poblacion"
241,241,CMCC-ESM2_ssp585,"Disminuye 15% Areas Riego, Aumento 25% Poblacion"
242,242,CMCC-ESM2_ssp585,"Disminuye 15% Areas Riego, Aumento 50% Poblacion"
243,243,EC-Earth3_ssp585,"Propuesta PEGH Riego, Propuesta PEGH Poblacion"
244,244,EC-Earth3_ssp585,"Propuesta PEGH Riego, Aumento 25% Poblacion"
245,245,EC-Earth3_ssp585,"Propuesta PEGH Riego, Aumento 50% Poblacion"
246,246,EC-Earth3_ssp585,"Aumento 15% Areas Riego, Propuesta PEGH Poblacion"
247,247,EC-Earth3_ssp585,"Aumento 15% Areas Riego, Aumento 25% Poblacion"
248,248,EC-Earth3_ssp585,"Aumento 15% Areas Riego, Aumento 50% Poblacion"
249,249,EC-Earth3_ssp585,"Disminuye 15% Areas Riego, Propuesta PEGH Poblacion"
250,250,EC-Earth3_ssp585,"Disminuye 15% Areas Riego, Aumento 25% Poblacion"
251,251,EC-Earth3_ssp585,"Disminuye 15% Areas Riego, Aumento 50% Poblacion"
252,252,EC-Earth3-Veg_ssp585,"Propuesta PEGH Riego, Propuesta PEGH Poblacion"
253,253,EC-Earth3-Veg_ssp585,"Propuesta PEGH Riego, Aumento 25% Poblacion"
254,254,EC-Earth3-Veg_ssp585,"Propuesta PEGH Riego, Aumento 50% Poblacion"
255,255,EC-Earth3-Veg_ssp585,"Aumento 15% Areas Riego, Propuesta PEGH Poblacion"
256,256,EC-Earth3-Veg_ssp585,"Aumento 15% Areas Riego, Aumento 25% Poblacion"
257,257,EC-Earth3-Veg_ssp585,"Aumento 15% Areas Riego, Aumento 50% Poblacion"
258,258,EC-Earth3-Veg_ssp585,"Disminuye 15% Areas Riego, Propuesta PEGH Poblacion"
259,259,EC-Earth3-Veg_ssp585,"Disminuye 15% Areas Riego, Aumento 25% Poblacion"
260,260,EC-Earth3-Veg_ssp585,"Disminuye 15% Areas Riego, Aumento 50% Poblacion"
261,261,EC-Earth3-Veg-LR_ssp585,"Propuesta PEGH Riego, Propuesta PEGH Poblacion"
262,262,EC-Earth3-Veg-LR_ssp585,"Propuesta PEGH Riego, Aumento 25% Poblacion"
263,263,EC-Earth3-Veg-LR_ssp585,"Propuesta PEGH Riego, Aumento 50% Poblacion"
264,264,EC-Earth3-Veg-LR_ssp585,"Aumento 15% Areas Riego, Propuesta PEGH Poblacion"
265,265,EC-Earth3-Veg-LR_ssp585,"Aumento 15% Areas Riego, Aumento 25% Poblacion"
266,266,EC-Earth3-Veg-LR_ssp585,"Aumento 15% Areas Riego, Aumento 50% Poblacion"
267,267,EC-Earth3-Veg-LR_ssp585,"Disminuye 15% Areas Riego, Propuesta PEGH Poblacion"
268,268,EC-Earth3-Veg-LR_ssp585,"Disminuye 15% Areas Riego, Aumento 25% Poblacion"
269,269,EC-Earth3-Veg-LR_ssp585,"Disminuye 15% Areas Riego, Aumento 50% Poblacion"
270,270,HadGEM3-GC31-LL_ssp585,"Propuesta PEGH Riego, Propuesta PEGH Poblacion"
271,271,HadGEM3-GC31-LL_ssp585,"Propuesta PEGH Riego, Aumento 25% Poblacion"
272,272,HadGEM3-GC31-LL_ssp585,"Propuesta PEGH Riego, Aumento 50% Poblacion"
273,273,HadGEM3-GC31-LL_ssp585,"Aumento 15% Areas Riego, Propuesta PEGH Poblacion"
274,274,HadGEM3-GC31-LL_ssp585,"Aumento 15% Areas Riego, Aumento 25% Poblacion"
275,275,HadGEM3-GC31-LL_ssp585,"Aumento 15% Areas Riego, Aumento 50% Poblacion"
276,276,HadGEM3-GC31-LL_ssp585,"Disminuye 15% Areas Riego, Propuesta PEGH Poblacion"
277,277,HadGEM3-GC31-LL_ssp585,"Disminuye 15% Areas Riego, Aumento 25% Poblacion"
278,278,HadGEM3-GC31-LL_ssp585,"Disminuye 15% Areas Riego, Aumento 50% Poblacion"
279,279,KACE-1-0-G_ssp585,"Propuesta PEGH Riego, Propuesta PEGH Poblacion"
280,280,KACE-1-0-G_ssp585,"Propuesta PEGH Riego, Aumento 25% Poblacion"
281,281,KACE-1-0-G_ssp585,"Propuesta PEGH Riego, Aumento 50% Poblacion"
282,282,KACE-1-0-G_ssp585,"Aumento 15% Areas Riego, Propuesta PEGH Poblacion"
283,283,KACE-1-0-G_ssp585,"Aumento 15% Areas Riego, Aumento 25% Poblacion"
284,284,KACE-1-0-G_ssp585,"Aumento 15% Areas Riego, Aumento 50% Poblacion"
285,285,KACE-1-0-G_ssp585,"Disminuye 15% Areas Riego, Propuesta PEGH Poblacion"
286,286,KACE-1-0-G_ssp585,"Disminuye 15% Areas Riego, Aumento 25% Poblacion"
287,287,KACE-1-0-G_ssp585,"Disminuye 15% Areas Riego, Aumento 50% Poblacion"
288,288,MPI-ESM1-2-LR_ssp585,"Propuesta PEGH Riego, Propuesta PEGH Poblacion"
289,289,MPI-ESM1-2-LR_ssp585,"Propuesta PEGH Riego, Aumento 25% Poblacion"
290,290,MPI-ESM1-2-LR_ssp585,"Propuesta PEGH Riego, Aumento 50% Poblacion"
291,291,MPI-ESM1-2-LR_ssp585,"Aumento 15% Areas Riego, Propuesta PEGH Poblacion"
292,292,MPI-ESM1-2-LR_ssp585,"Aumento 15% Areas Riego, Aumento 25% Poblacion"
293,293,MPI-ESM1-2-LR_ssp585,"Aumento 15% Areas Riego, Aumento 50% Poblacion"
294,294,MPI-ESM1-2-LR_ssp585,"Disminuye 15% Areas Riego, Propuesta PEGH Poblacion"
295,295,MPI-ESM1-2-LR_ssp585,"Disminuye 15% Areas Riego, Aumento 25% Poblacion"
296,296,MPI-ESM1-2-LR_ssp585,"Disminuye 15% Areas Riego, Aumento 50% Poblacion"
297,297,NESM3_ssp585,"Propuesta PEGH Riego, Propuesta PEGH Poblacion"
298,298,NESM3_ssp585,"Propuesta PEGH Riego, Aumento 25% Poblacion"
299,299,NESM3_ssp585,"Propuesta PEGH Riego, Aumento 50% Poblacion"
300,300,NESM3_ssp585,"Aumento 15% Areas Riego, Propuesta PEGH Poblacion"
301,301,NESM3_ssp585,"Aumento 15% Areas Riego, Aumento 25% Poblacion"
302,302,NESM3_ssp585,"Aumento 15% Areas Riego, Aumento 50% Poblacion"
303,303,NESM3_ssp585,"Disminuye 15% Areas Riego, Propuesta PEGH Poblacion"
304,304,NESM3_ssp585,"Disminuye 15% Areas Riego, Aumento 25% Poblacion"
305,305,NESM3_ssp585,"Disminuye 15% Areas Riego, Aumento 50% Poblacion"
