,ID,Acciones,GCM,Demanda
0,0,Sin implementacion de acciones,NESM3_ssp126,"Propuesta PEGH Riego, Propuesta PEGH Poblacion"
1,1,Sin implementacion de acciones,NESM3_ssp126,"Propuesta PEGH Riego, Aumento 25% Poblacion"
2,2,Sin implementacion de acciones,NESM3_ssp126,"Propuesta PEGH Riego, Aumento 50% Poblacion"
3,3,Sin implementacion de acciones,NESM3_ssp126,"Aumento 15% Areas Riego, Propuesta PEGH Poblacion"
4,4,Sin implementacion de acciones,NESM3_ssp126,"Aumento 15% Areas Riego, Aumento 25% Poblacion"
5,5,Sin implementacion de acciones,NESM3_ssp126,"Aumento 15% Areas Riego, Aumento 50% Poblacion"
6,6,Sin implementacion de acciones,NESM3_ssp126,"Disminuye 15% Areas Riego, Propuesta PEGH Poblacion"
7,7,Sin implementacion de acciones,NESM3_ssp126,"Disminuye 15% Areas Riego, Aumento 25% Poblacion"
8,8,Sin implementacion de acciones,NESM3_ssp126,"Disminuye 15% Areas Riego, Aumento 50% Poblacion"
9,9,Sin implementacion de acciones,NESM3_ssp585,"Propuesta PEGH Riego, Propuesta PEGH Poblacion"
10,10,Sin implementacion de acciones,NESM3_ssp585,"Propuesta PEGH Riego, Aumento 25% Poblacion"
11,11,Sin implementacion de acciones,NESM3_ssp585,"Propuesta PEGH Riego, Aumento 50% Poblacion"
12,12,Sin implementacion de acciones,NESM3_ssp585,"Aumento 15% Areas Riego, Propuesta PEGH Poblacion"
13,13,Sin implementacion de acciones,NESM3_ssp585,"Aumento 15% Areas Riego, Aumento 25% Poblacion"
14,14,Sin implementacion de acciones,NESM3_ssp585,"Aumento 15% Areas Riego, Aumento 50% Poblacion"
15,15,Sin implementacion de acciones,NESM3_ssp585,"Disminuye 15% Areas Riego, Propuesta PEGH Poblacion"
16,16,Sin implementacion de acciones,NESM3_ssp585,"Disminuye 15% Areas Riego, Aumento 25% Poblacion"
17,17,Sin implementacion de acciones,NESM3_ssp585,"Disminuye 15% Areas Riego, Aumento 50% Poblacion"
18,18,Sin implementacion de acciones,EC-Earth3-Veg_ssp126,"Propuesta PEGH Riego, Propuesta PEGH Poblacion"
19,19,Sin implementacion de acciones,EC-Earth3-Veg_ssp126,"Propuesta PEGH Riego, Aumento 25% Poblacion"
20,20,Sin implementacion de acciones,EC-Earth3-Veg_ssp126,"Propuesta PEGH Riego, Aumento 50% Poblacion"
21,21,Sin implementacion de acciones,EC-Earth3-Veg_ssp126,"Aumento 15% Areas Riego, Propuesta PEGH Poblacion"
22,22,Sin implementacion de acciones,EC-Earth3-Veg_ssp126,"Aumento 15% Areas Riego, Aumento 25% Poblacion"
23,23,Sin implementacion de acciones,EC-Earth3-Veg_ssp126,"Aumento 15% Areas Riego, Aumento 50% Poblacion"
24,24,Sin implementacion de acciones,EC-Earth3-Veg_ssp126,"Disminuye 15% Areas Riego, Propuesta PEGH Poblacion"
25,25,Sin implementacion de acciones,EC-Earth3-Veg_ssp126,"Disminuye 15% Areas Riego, Aumento 25% Poblacion"
26,26,Sin implementacion de acciones,EC-Earth3-Veg_ssp126,"Disminuye 15% Areas Riego, Aumento 50% Poblacion"
27,27,Sin implementacion de acciones,EC-Earth3-Veg_ssp585,"Propuesta PEGH Riego, Propuesta PEGH Poblacion"
28,28,Sin implementacion de acciones,EC-Earth3-Veg_ssp585,"Propuesta PEGH Riego, Aumento 25% Poblacion"
29,29,Sin implementacion de acciones,EC-Earth3-Veg_ssp585,"Propuesta PEGH Riego, Aumento 50% Poblacion"
30,30,Sin implementacion de acciones,EC-Earth3-Veg_ssp585,"Aumento 15% Areas Riego, Propuesta PEGH Poblacion"
31,31,Sin implementacion de acciones,EC-Earth3-Veg_ssp585,"Aumento 15% Areas Riego, Aumento 25% Poblacion"
32,32,Sin implementacion de acciones,EC-Earth3-Veg_ssp585,"Aumento 15% Areas Riego, Aumento 50% Poblacion"
33,33,Sin implementacion de acciones,EC-Earth3-Veg_ssp585,"Disminuye 15% Areas Riego, Propuesta PEGH Poblacion"
34,34,Sin implementacion de acciones,EC-Earth3-Veg_ssp585,"Disminuye 15% Areas Riego, Aumento 25% Poblacion"
35,35,Sin implementacion de acciones,EC-Earth3-Veg_ssp585,"Disminuye 15% Areas Riego, Aumento 50% Poblacion"
36,36,Sin implementacion de acciones,ACCESS-CM2_ssp126,"Propuesta PEGH Riego, Propuesta PEGH Poblacion"
37,37,Sin implementacion de acciones,ACCESS-CM2_ssp126,"Propuesta PEGH Riego, Aumento 25% Poblacion"
38,38,Sin implementacion de acciones,ACCESS-CM2_ssp126,"Propuesta PEGH Riego, Aumento 50% Poblacion"
39,39,Sin implementacion de acciones,ACCESS-CM2_ssp126,"Aumento 15% Areas Riego, Propuesta PEGH Poblacion"
40,40,Sin implementacion de acciones,ACCESS-CM2_ssp126,"Aumento 15% Areas Riego, Aumento 25% Poblacion"
41,41,Sin implementacion de acciones,ACCESS-CM2_ssp126,"Aumento 15% Areas Riego, Aumento 50% Poblacion"
42,42,Sin implementacion de acciones,ACCESS-CM2_ssp126,"Disminuye 15% Areas Riego, Propuesta PEGH Poblacion"
43,43,Sin implementacion de acciones,ACCESS-CM2_ssp126,"Disminuye 15% Areas Riego, Aumento 25% Poblacion"
44,44,Sin implementacion de acciones,ACCESS-CM2_ssp126,"Disminuye 15% Areas Riego, Aumento 50% Poblacion"
45,45,Sin implementacion de acciones,ACCESS-CM2_ssp585,"Propuesta PEGH Riego, Propuesta PEGH Poblacion"
46,46,Sin implementacion de acciones,ACCESS-CM2_ssp585,"Propuesta PEGH Riego, Aumento 25% Poblacion"
47,47,Sin implementacion de acciones,ACCESS-CM2_ssp585,"Propuesta PEGH Riego, Aumento 50% Poblacion"
48,48,Sin implementacion de acciones,ACCESS-CM2_ssp585,"Aumento 15% Areas Riego, Propuesta PEGH Poblacion"
49,49,Sin implementacion de acciones,ACCESS-CM2_ssp585,"Aumento 15% Areas Riego, Aumento 25% Poblacion"
50,50,Sin implementacion de acciones,ACCESS-CM2_ssp585,"Aumento 15% Areas Riego, Aumento 50% Poblacion"
51,51,Sin implementacion de acciones,ACCESS-CM2_ssp585,"Disminuye 15% Areas Riego, Propuesta PEGH Poblacion"
52,52,Sin implementacion de acciones,ACCESS-CM2_ssp585,"Disminuye 15% Areas Riego, Aumento 25% Poblacion"
53,53,Sin implementacion de acciones,ACCESS-CM2_ssp585,"Disminuye 15% Areas Riego, Aumento 50% Poblacion"
54,54,Sin implementacion de acciones,MPI-ESM1-2-LR_ssp126,"Propuesta PEGH Riego, Propuesta PEGH Poblacion"
55,55,Sin implementacion de acciones,MPI-ESM1-2-LR_ssp126,"Propuesta PEGH Riego, Aumento 25% Poblacion"
56,56,Sin implementacion de acciones,MPI-ESM1-2-LR_ssp126,"Propuesta PEGH Riego, Aumento 50% Poblacion"
57,57,Sin implementacion de acciones,MPI-ESM1-2-LR_ssp126,"Aumento 15% Areas Riego, Propuesta PEGH Poblacion"
58,58,Sin implementacion de acciones,MPI-ESM1-2-LR_ssp126,"Aumento 15% Areas Riego, Aumento 25% Poblacion"
59,59,Sin implementacion de acciones,MPI-ESM1-2-LR_ssp126,"Aumento 15% Areas Riego, Aumento 50% Poblacion"
60,60,Sin implementacion de acciones,MPI-ESM1-2-LR_ssp126,"Disminuye 15% Areas Riego, Propuesta PEGH Poblacion"
61,61,Sin implementacion de acciones,MPI-ESM1-2-LR_ssp126,"Disminuye 15% Areas Riego, Aumento 25% Poblacion"
62,62,Sin implementacion de acciones,MPI-ESM1-2-LR_ssp126,"Disminuye 15% Areas Riego, Aumento 50% Poblacion"
63,63,Sin implementacion de acciones,MPI-ESM1-2-LR_ssp585,"Propuesta PEGH Riego, Propuesta PEGH Poblacion"
64,64,Sin implementacion de acciones,MPI-ESM1-2-LR_ssp585,"Propuesta PEGH Riego, Aumento 25% Poblacion"
65,65,Sin implementacion de acciones,MPI-ESM1-2-LR_ssp585,"Propuesta PEGH Riego, Aumento 50% Poblacion"
66,66,Sin implementacion de acciones,MPI-ESM1-2-LR_ssp585,"Aumento 15% Areas Riego, Propuesta PEGH Poblacion"
67,67,Sin implementacion de acciones,MPI-ESM1-2-LR_ssp585,"Aumento 15% Areas Riego, Aumento 25% Poblacion"
68,68,Sin implementacion de acciones,MPI-ESM1-2-LR_ssp585,"Aumento 15% Areas Riego, Aumento 50% Poblacion"
69,69,Sin implementacion de acciones,MPI-ESM1-2-LR_ssp585,"Disminuye 15% Areas Riego, Propuesta PEGH Poblacion"
70,70,Sin implementacion de acciones,MPI-ESM1-2-LR_ssp585,"Disminuye 15% Areas Riego, Aumento 25% Poblacion"
71,71,Sin implementacion de acciones,MPI-ESM1-2-LR_ssp585,"Disminuye 15% Areas Riego, Aumento 50% Poblacion"
72,72,Sin implementacion de acciones,AWI-CM-1-1-MR_ssp126,"Propuesta PEGH Riego, Propuesta PEGH Poblacion"
73,73,Sin implementacion de acciones,AWI-CM-1-1-MR_ssp126,"Propuesta PEGH Riego, Aumento 25% Poblacion"
74,74,Sin implementacion de acciones,AWI-CM-1-1-MR_ssp126,"Propuesta PEGH Riego, Aumento 50% Poblacion"
75,75,Sin implementacion de acciones,AWI-CM-1-1-MR_ssp126,"Aumento 15% Areas Riego, Propuesta PEGH Poblacion"
76,76,Sin implementacion de acciones,AWI-CM-1-1-MR_ssp126,"Aumento 15% Areas Riego, Aumento 25% Poblacion"
77,77,Sin implementacion de acciones,AWI-CM-1-1-MR_ssp126,"Aumento 15% Areas Riego, Aumento 50% Poblacion"
78,78,Sin implementacion de acciones,AWI-CM-1-1-MR_ssp126,"Disminuye 15% Areas Riego, Propuesta PEGH Poblacion"
79,79,Sin implementacion de acciones,AWI-CM-1-1-MR_ssp126,"Disminuye 15% Areas Riego, Aumento 25% Poblacion"
80,80,Sin implementacion de acciones,AWI-CM-1-1-MR_ssp126,"Disminuye 15% Areas Riego, Aumento 50% Poblacion"
81,81,Sin implementacion de acciones,AWI-CM-1-1-MR_ssp585,"Propuesta PEGH Riego, Propuesta PEGH Poblacion"
82,82,Sin implementacion de acciones,AWI-CM-1-1-MR_ssp585,"Propuesta PEGH Riego, Aumento 25% Poblacion"
83,83,Sin implementacion de acciones,AWI-CM-1-1-MR_ssp585,"Propuesta PEGH Riego, Aumento 50% Poblacion"
84,84,Sin implementacion de acciones,AWI-CM-1-1-MR_ssp585,"Aumento 15% Areas Riego, Propuesta PEGH Poblacion"
85,85,Sin implementacion de acciones,AWI-CM-1-1-MR_ssp585,"Aumento 15% Areas Riego, Aumento 25% Poblacion"
86,86,Sin implementacion de acciones,AWI-CM-1-1-MR_ssp585,"Aumento 15% Areas Riego, Aumento 50% Poblacion"
87,87,Sin implementacion de acciones,AWI-CM-1-1-MR_ssp585,"Disminuye 15% Areas Riego, Propuesta PEGH Poblacion"
88,88,Sin implementacion de acciones,AWI-CM-1-1-MR_ssp585,"Disminuye 15% Areas Riego, Aumento 25% Poblacion"
89,89,Sin implementacion de acciones,AWI-CM-1-1-MR_ssp585,"Disminuye 15% Areas Riego, Aumento 50% Poblacion"
90,90,Aporte proveniente de desalacion,NESM3_ssp126,"Propuesta PEGH Riego, Propuesta PEGH Poblacion"
91,91,Aporte proveniente de desalacion,NESM3_ssp126,"Propuesta PEGH Riego, Aumento 25% Poblacion"
92,92,Aporte proveniente de desalacion,NESM3_ssp126,"Propuesta PEGH Riego, Aumento 50% Poblacion"
93,93,Aporte proveniente de desalacion,NESM3_ssp126,"Aumento 15% Areas Riego, Propuesta PEGH Poblacion"
94,94,Aporte proveniente de desalacion,NESM3_ssp126,"Aumento 15% Areas Riego, Aumento 25% Poblacion"
95,95,Aporte proveniente de desalacion,NESM3_ssp126,"Aumento 15% Areas Riego, Aumento 50% Poblacion"
96,96,Aporte proveniente de desalacion,NESM3_ssp126,"Disminuye 15% Areas Riego, Propuesta PEGH Poblacion"
97,97,Aporte proveniente de desalacion,NESM3_ssp126,"Disminuye 15% Areas Riego, Aumento 25% Poblacion"
98,98,Aporte proveniente de desalacion,NESM3_ssp126,"Disminuye 15% Areas Riego, Aumento 50% Poblacion"
99,99,Aporte proveniente de desalacion,NESM3_ssp585,"Propuesta PEGH Riego, Propuesta PEGH Poblacion"
100,100,Aporte proveniente de desalacion,NESM3_ssp585,"Propuesta PEGH Riego, Aumento 25% Poblacion"
101,101,Aporte proveniente de desalacion,NESM3_ssp585,"Propuesta PEGH Riego, Aumento 50% Poblacion"
102,102,Aporte proveniente de desalacion,NESM3_ssp585,"Aumento 15% Areas Riego, Propuesta PEGH Poblacion"
103,103,Aporte proveniente de desalacion,NESM3_ssp585,"Aumento 15% Areas Riego, Aumento 25% Poblacion"
104,104,Aporte proveniente de desalacion,NESM3_ssp585,"Aumento 15% Areas Riego, Aumento 50% Poblacion"
105,105,Aporte proveniente de desalacion,NESM3_ssp585,"Disminuye 15% Areas Riego, Propuesta PEGH Poblacion"
106,106,Aporte proveniente de desalacion,NESM3_ssp585,"Disminuye 15% Areas Riego, Aumento 25% Poblacion"
107,107,Aporte proveniente de desalacion,NESM3_ssp585,"Disminuye 15% Areas Riego, Aumento 50% Poblacion"
108,108,Aporte proveniente de desalacion,EC-Earth3-Veg_ssp126,"Propuesta PEGH Riego, Propuesta PEGH Poblacion"
109,109,Aporte proveniente de desalacion,EC-Earth3-Veg_ssp126,"Propuesta PEGH Riego, Aumento 25% Poblacion"
110,110,Aporte proveniente de desalacion,EC-Earth3-Veg_ssp126,"Propuesta PEGH Riego, Aumento 50% Poblacion"
111,111,Aporte proveniente de desalacion,EC-Earth3-Veg_ssp126,"Aumento 15% Areas Riego, Propuesta PEGH Poblacion"
112,112,Aporte proveniente de desalacion,EC-Earth3-Veg_ssp126,"Aumento 15% Areas Riego, Aumento 25% Poblacion"
113,113,Aporte proveniente de desalacion,EC-Earth3-Veg_ssp126,"Aumento 15% Areas Riego, Aumento 50% Poblacion"
114,114,Aporte proveniente de desalacion,EC-Earth3-Veg_ssp126,"Disminuye 15% Areas Riego, Propuesta PEGH Poblacion"
115,115,Aporte proveniente de desalacion,EC-Earth3-Veg_ssp126,"Disminuye 15% Areas Riego, Aumento 25% Poblacion"
116,116,Aporte proveniente de desalacion,EC-Earth3-Veg_ssp126,"Disminuye 15% Areas Riego, Aumento 50% Poblacion"
117,117,Aporte proveniente de desalacion,EC-Earth3-Veg_ssp585,"Propuesta PEGH Riego, Propuesta PEGH Poblacion"
118,118,Aporte proveniente de desalacion,EC-Earth3-Veg_ssp585,"Propuesta PEGH Riego, Aumento 25% Poblacion"
119,119,Aporte proveniente de desalacion,EC-Earth3-Veg_ssp585,"Propuesta PEGH Riego, Aumento 50% Poblacion"
120,120,Aporte proveniente de desalacion,EC-Earth3-Veg_ssp585,"Aumento 15% Areas Riego, Propuesta PEGH Poblacion"
121,121,Aporte proveniente de desalacion,EC-Earth3-Veg_ssp585,"Aumento 15% Areas Riego, Aumento 25% Poblacion"
122,122,Aporte proveniente de desalacion,EC-Earth3-Veg_ssp585,"Aumento 15% Areas Riego, Aumento 50% Poblacion"
123,123,Aporte proveniente de desalacion,EC-Earth3-Veg_ssp585,"Disminuye 15% Areas Riego, Propuesta PEGH Poblacion"
124,124,Aporte proveniente de desalacion,EC-Earth3-Veg_ssp585,"Disminuye 15% Areas Riego, Aumento 25% Poblacion"
125,125,Aporte proveniente de desalacion,EC-Earth3-Veg_ssp585,"Disminuye 15% Areas Riego, Aumento 50% Poblacion"
126,126,Aporte proveniente de desalacion,ACCESS-CM2_ssp126,"Propuesta PEGH Riego, Propuesta PEGH Poblacion"
127,127,Aporte proveniente de desalacion,ACCESS-CM2_ssp126,"Propuesta PEGH Riego, Aumento 25% Poblacion"
128,128,Aporte proveniente de desalacion,ACCESS-CM2_ssp126,"Propuesta PEGH Riego, Aumento 50% Poblacion"
129,129,Aporte proveniente de desalacion,ACCESS-CM2_ssp126,"Aumento 15% Areas Riego, Propuesta PEGH Poblacion"
130,130,Aporte proveniente de desalacion,ACCESS-CM2_ssp126,"Aumento 15% Areas Riego, Aumento 25% Poblacion"
131,131,Aporte proveniente de desalacion,ACCESS-CM2_ssp126,"Aumento 15% Areas Riego, Aumento 50% Poblacion"
132,132,Aporte proveniente de desalacion,ACCESS-CM2_ssp126,"Disminuye 15% Areas Riego, Propuesta PEGH Poblacion"
133,133,Aporte proveniente de desalacion,ACCESS-CM2_ssp126,"Disminuye 15% Areas Riego, Aumento 25% Poblacion"
134,134,Aporte proveniente de desalacion,ACCESS-CM2_ssp126,"Disminuye 15% Areas Riego, Aumento 50% Poblacion"
135,135,Aporte proveniente de desalacion,ACCESS-CM2_ssp585,"Propuesta PEGH Riego, Propuesta PEGH Poblacion"
136,136,Aporte proveniente de desalacion,ACCESS-CM2_ssp585,"Propuesta PEGH Riego, Aumento 25% Poblacion"
137,137,Aporte proveniente de desalacion,ACCESS-CM2_ssp585,"Propuesta PEGH Riego, Aumento 50% Poblacion"
138,138,Aporte proveniente de desalacion,ACCESS-CM2_ssp585,"Aumento 15% Areas Riego, Propuesta PEGH Poblacion"
139,139,Aporte proveniente de desalacion,ACCESS-CM2_ssp585,"Aumento 15% Areas Riego, Aumento 25% Poblacion"
140,140,Aporte proveniente de desalacion,ACCESS-CM2_ssp585,"Aumento 15% Areas Riego, Aumento 50% Poblacion"
141,141,Aporte proveniente de desalacion,ACCESS-CM2_ssp585,"Disminuye 15% Areas Riego, Propuesta PEGH Poblacion"
142,142,Aporte proveniente de desalacion,ACCESS-CM2_ssp585,"Disminuye 15% Areas Riego, Aumento 25% Poblacion"
143,143,Aporte proveniente de desalacion,ACCESS-CM2_ssp585,"Disminuye 15% Areas Riego, Aumento 50% Poblacion"
144,144,Aporte proveniente de desalacion,MPI-ESM1-2-LR_ssp126,"Propuesta PEGH Riego, Propuesta PEGH Poblacion"
145,145,Aporte proveniente de desalacion,MPI-ESM1-2-LR_ssp126,"Propuesta PEGH Riego, Aumento 25% Poblacion"
146,146,Aporte proveniente de desalacion,MPI-ESM1-2-LR_ssp126,"Propuesta PEGH Riego, Aumento 50% Poblacion"
147,147,Aporte proveniente de desalacion,MPI-ESM1-2-LR_ssp126,"Aumento 15% Areas Riego, Propuesta PEGH Poblacion"
148,148,Aporte proveniente de desalacion,MPI-ESM1-2-LR_ssp126,"Aumento 15% Areas Riego, Aumento 25% Poblacion"
149,149,Aporte proveniente de desalacion,MPI-ESM1-2-LR_ssp126,"Aumento 15% Areas Riego, Aumento 50% Poblacion"
150,150,Aporte proveniente de desalacion,MPI-ESM1-2-LR_ssp126,"Disminuye 15% Areas Riego, Propuesta PEGH Poblacion"
151,151,Aporte proveniente de desalacion,MPI-ESM1-2-LR_ssp126,"Disminuye 15% Areas Riego, Aumento 25% Poblacion"
152,152,Aporte proveniente de desalacion,MPI-ESM1-2-LR_ssp126,"Disminuye 15% Areas Riego, Aumento 50% Poblacion"
153,153,Aporte proveniente de desalacion,MPI-ESM1-2-LR_ssp585,"Propuesta PEGH Riego, Propuesta PEGH Poblacion"
154,154,Aporte proveniente de desalacion,MPI-ESM1-2-LR_ssp585,"Propuesta PEGH Riego, Aumento 25% Poblacion"
155,155,Aporte proveniente de desalacion,MPI-ESM1-2-LR_ssp585,"Propuesta PEGH Riego, Aumento 50% Poblacion"
156,156,Aporte proveniente de desalacion,MPI-ESM1-2-LR_ssp585,"Aumento 15% Areas Riego, Propuesta PEGH Poblacion"
157,157,Aporte proveniente de desalacion,MPI-ESM1-2-LR_ssp585,"Aumento 15% Areas Riego, Aumento 25% Poblacion"
158,158,Aporte proveniente de desalacion,MPI-ESM1-2-LR_ssp585,"Aumento 15% Areas Riego, Aumento 50% Poblacion"
159,159,Aporte proveniente de desalacion,MPI-ESM1-2-LR_ssp585,"Disminuye 15% Areas Riego, Propuesta PEGH Poblacion"
160,160,Aporte proveniente de desalacion,MPI-ESM1-2-LR_ssp585,"Disminuye 15% Areas Riego, Aumento 25% Poblacion"
161,161,Aporte proveniente de desalacion,MPI-ESM1-2-LR_ssp585,"Disminuye 15% Areas Riego, Aumento 50% Poblacion"
162,162,Aporte proveniente de desalacion,AWI-CM-1-1-MR_ssp126,"Propuesta PEGH Riego, Propuesta PEGH Poblacion"
163,163,Aporte proveniente de desalacion,AWI-CM-1-1-MR_ssp126,"Propuesta PEGH Riego, Aumento 25% Poblacion"
164,164,Aporte proveniente de desalacion,AWI-CM-1-1-MR_ssp126,"Propuesta PEGH Riego, Aumento 50% Poblacion"
165,165,Aporte proveniente de desalacion,AWI-CM-1-1-MR_ssp126,"Aumento 15% Areas Riego, Propuesta PEGH Poblacion"
166,166,Aporte proveniente de desalacion,AWI-CM-1-1-MR_ssp126,"Aumento 15% Areas Riego, Aumento 25% Poblacion"
167,167,Aporte proveniente de desalacion,AWI-CM-1-1-MR_ssp126,"Aumento 15% Areas Riego, Aumento 50% Poblacion"
168,168,Aporte proveniente de desalacion,AWI-CM-1-1-MR_ssp126,"Disminuye 15% Areas Riego, Propuesta PEGH Poblacion"
169,169,Aporte proveniente de desalacion,AWI-CM-1-1-MR_ssp126,"Disminuye 15% Areas Riego, Aumento 25% Poblacion"
170,170,Aporte proveniente de desalacion,AWI-CM-1-1-MR_ssp126,"Disminuye 15% Areas Riego, Aumento 50% Poblacion"
171,171,Aporte proveniente de desalacion,AWI-CM-1-1-MR_ssp585,"Propuesta PEGH Riego, Propuesta PEGH Poblacion"
172,172,Aporte proveniente de desalacion,AWI-CM-1-1-MR_ssp585,"Propuesta PEGH Riego, Aumento 25% Poblacion"
173,173,Aporte proveniente de desalacion,AWI-CM-1-1-MR_ssp585,"Propuesta PEGH Riego, Aumento 50% Poblacion"
174,174,Aporte proveniente de desalacion,AWI-CM-1-1-MR_ssp585,"Aumento 15% Areas Riego, Propuesta PEGH Poblacion"
175,175,Aporte proveniente de desalacion,AWI-CM-1-1-MR_ssp585,"Aumento 15% Areas Riego, Aumento 25% Poblacion"
176,176,Aporte proveniente de desalacion,AWI-CM-1-1-MR_ssp585,"Aumento 15% Areas Riego, Aumento 50% Poblacion"
177,177,Aporte proveniente de desalacion,AWI-CM-1-1-MR_ssp585,"Disminuye 15% Areas Riego, Propuesta PEGH Poblacion"
178,178,Aporte proveniente de desalacion,AWI-CM-1-1-MR_ssp585,"Disminuye 15% Areas Riego, Aumento 25% Poblacion"
179,179,Aporte proveniente de desalacion,AWI-CM-1-1-MR_ssp585,"Disminuye 15% Areas Riego, Aumento 50% Poblacion"
180,180,Embalse Las Palmas,NESM3_ssp126,"Propuesta PEGH Riego, Propuesta PEGH Poblacion"
181,181,Embalse Las Palmas,NESM3_ssp126,"Propuesta PEGH Riego, Aumento 25% Poblacion"
182,182,Embalse Las Palmas,NESM3_ssp126,"Propuesta PEGH Riego, Aumento 50% Poblacion"
183,183,Embalse Las Palmas,NESM3_ssp126,"Aumento 15% Areas Riego, Propuesta PEGH Poblacion"
184,184,Embalse Las Palmas,NESM3_ssp126,"Aumento 15% Areas Riego, Aumento 25% Poblacion"
185,185,Embalse Las Palmas,NESM3_ssp126,"Aumento 15% Areas Riego, Aumento 50% Poblacion"
186,186,Embalse Las Palmas,NESM3_ssp126,"Disminuye 15% Areas Riego, Propuesta PEGH Poblacion"
187,187,Embalse Las Palmas,NESM3_ssp126,"Disminuye 15% Areas Riego, Aumento 25% Poblacion"
188,188,Embalse Las Palmas,NESM3_ssp126,"Disminuye 15% Areas Riego, Aumento 50% Poblacion"
189,189,Embalse Las Palmas,NESM3_ssp585,"Propuesta PEGH Riego, Propuesta PEGH Poblacion"
190,190,Embalse Las Palmas,NESM3_ssp585,"Propuesta PEGH Riego, Aumento 25% Poblacion"
191,191,Embalse Las Palmas,NESM3_ssp585,"Propuesta PEGH Riego, Aumento 50% Poblacion"
192,192,Embalse Las Palmas,NESM3_ssp585,"Aumento 15% Areas Riego, Propuesta PEGH Poblacion"
193,193,Embalse Las Palmas,NESM3_ssp585,"Aumento 15% Areas Riego, Aumento 25% Poblacion"
194,194,Embalse Las Palmas,NESM3_ssp585,"Aumento 15% Areas Riego, Aumento 50% Poblacion"
195,195,Embalse Las Palmas,NESM3_ssp585,"Disminuye 15% Areas Riego, Propuesta PEGH Poblacion"
196,196,Embalse Las Palmas,NESM3_ssp585,"Disminuye 15% Areas Riego, Aumento 25% Poblacion"
197,197,Embalse Las Palmas,NESM3_ssp585,"Disminuye 15% Areas Riego, Aumento 50% Poblacion"
198,198,Embalse Las Palmas,EC-Earth3-Veg_ssp126,"Propuesta PEGH Riego, Propuesta PEGH Poblacion"
199,199,Embalse Las Palmas,EC-Earth3-Veg_ssp126,"Propuesta PEGH Riego, Aumento 25% Poblacion"
200,200,Embalse Las Palmas,EC-Earth3-Veg_ssp126,"Propuesta PEGH Riego, Aumento 50% Poblacion"
201,201,Embalse Las Palmas,EC-Earth3-Veg_ssp126,"Aumento 15% Areas Riego, Propuesta PEGH Poblacion"
202,202,Embalse Las Palmas,EC-Earth3-Veg_ssp126,"Aumento 15% Areas Riego, Aumento 25% Poblacion"
203,203,Embalse Las Palmas,EC-Earth3-Veg_ssp126,"Aumento 15% Areas Riego, Aumento 50% Poblacion"
204,204,Embalse Las Palmas,EC-Earth3-Veg_ssp126,"Disminuye 15% Areas Riego, Propuesta PEGH Poblacion"
205,205,Embalse Las Palmas,EC-Earth3-Veg_ssp126,"Disminuye 15% Areas Riego, Aumento 25% Poblacion"
206,206,Embalse Las Palmas,EC-Earth3-Veg_ssp126,"Disminuye 15% Areas Riego, Aumento 50% Poblacion"
207,207,Embalse Las Palmas,EC-Earth3-Veg_ssp585,"Propuesta PEGH Riego, Propuesta PEGH Poblacion"
208,208,Embalse Las Palmas,EC-Earth3-Veg_ssp585,"Propuesta PEGH Riego, Aumento 25% Poblacion"
209,209,Embalse Las Palmas,EC-Earth3-Veg_ssp585,"Propuesta PEGH Riego, Aumento 50% Poblacion"
210,210,Embalse Las Palmas,EC-Earth3-Veg_ssp585,"Aumento 15% Areas Riego, Propuesta PEGH Poblacion"
211,211,Embalse Las Palmas,EC-Earth3-Veg_ssp585,"Aumento 15% Areas Riego, Aumento 25% Poblacion"
212,212,Embalse Las Palmas,EC-Earth3-Veg_ssp585,"Aumento 15% Areas Riego, Aumento 50% Poblacion"
213,213,Embalse Las Palmas,EC-Earth3-Veg_ssp585,"Disminuye 15% Areas Riego, Propuesta PEGH Poblacion"
214,214,Embalse Las Palmas,EC-Earth3-Veg_ssp585,"Disminuye 15% Areas Riego, Aumento 25% Poblacion"
215,215,Embalse Las Palmas,EC-Earth3-Veg_ssp585,"Disminuye 15% Areas Riego, Aumento 50% Poblacion"
216,216,Embalse Las Palmas,ACCESS-CM2_ssp126,"Propuesta PEGH Riego, Propuesta PEGH Poblacion"
217,217,Embalse Las Palmas,ACCESS-CM2_ssp126,"Propuesta PEGH Riego, Aumento 25% Poblacion"
218,218,Embalse Las Palmas,ACCESS-CM2_ssp126,"Propuesta PEGH Riego, Aumento 50% Poblacion"
219,219,Embalse Las Palmas,ACCESS-CM2_ssp126,"Aumento 15% Areas Riego, Propuesta PEGH Poblacion"
220,220,Embalse Las Palmas,ACCESS-CM2_ssp126,"Aumento 15% Areas Riego, Aumento 25% Poblacion"
221,221,Embalse Las Palmas,ACCESS-CM2_ssp126,"Aumento 15% Areas Riego, Aumento 50% Poblacion"
222,222,Embalse Las Palmas,ACCESS-CM2_ssp126,"Disminuye 15% Areas Riego, Propuesta PEGH Poblacion"
223,223,Embalse Las Palmas,ACCESS-CM2_ssp126,"Disminuye 15% Areas Riego, Aumento 25% Poblacion"
224,224,Embalse Las Palmas,ACCESS-CM2_ssp126,"Disminuye 15% Areas Riego, Aumento 50% Poblacion"
225,225,Embalse Las Palmas,ACCESS-CM2_ssp585,"Propuesta PEGH Riego, Propuesta PEGH Poblacion"
226,226,Embalse Las Palmas,ACCESS-CM2_ssp585,"Propuesta PEGH Riego, Aumento 25% Poblacion"
227,227,Embalse Las Palmas,ACCESS-CM2_ssp585,"Propuesta PEGH Riego, Aumento 50% Poblacion"
228,228,Embalse Las Palmas,ACCESS-CM2_ssp585,"Aumento 15% Areas Riego, Propuesta PEGH Poblacion"
229,229,Embalse Las Palmas,ACCESS-CM2_ssp585,"Aumento 15% Areas Riego, Aumento 25% Poblacion"
230,230,Embalse Las Palmas,ACCESS-CM2_ssp585,"Aumento 15% Areas Riego, Aumento 50% Poblacion"
231,231,Embalse Las Palmas,ACCESS-CM2_ssp585,"Disminuye 15% Areas Riego, Propuesta PEGH Poblacion"
232,232,Embalse Las Palmas,ACCESS-CM2_ssp585,"Disminuye 15% Areas Riego, Aumento 25% Poblacion"
233,233,Embalse Las Palmas,ACCESS-CM2_ssp585,"Disminuye 15% Areas Riego, Aumento 50% Poblacion"
234,234,Embalse Las Palmas,MPI-ESM1-2-LR_ssp126,"Propuesta PEGH Riego, Propuesta PEGH Poblacion"
235,235,Embalse Las Palmas,MPI-ESM1-2-LR_ssp126,"Propuesta PEGH Riego, Aumento 25% Poblacion"
236,236,Embalse Las Palmas,MPI-ESM1-2-LR_ssp126,"Propuesta PEGH Riego, Aumento 50% Poblacion"
237,237,Embalse Las Palmas,MPI-ESM1-2-LR_ssp126,"Aumento 15% Areas Riego, Propuesta PEGH Poblacion"
238,238,Embalse Las Palmas,MPI-ESM1-2-LR_ssp126,"Aumento 15% Areas Riego, Aumento 25% Poblacion"
239,239,Embalse Las Palmas,MPI-ESM1-2-LR_ssp126,"Aumento 15% Areas Riego, Aumento 50% Poblacion"
240,240,Embalse Las Palmas,MPI-ESM1-2-LR_ssp126,"Disminuye 15% Areas Riego, Propuesta PEGH Poblacion"
241,241,Embalse Las Palmas,MPI-ESM1-2-LR_ssp126,"Disminuye 15% Areas Riego, Aumento 25% Poblacion"
242,242,Embalse Las Palmas,MPI-ESM1-2-LR_ssp126,"Disminuye 15% Areas Riego, Aumento 50% Poblacion"
243,243,Embalse Las Palmas,MPI-ESM1-2-LR_ssp585,"Propuesta PEGH Riego, Propuesta PEGH Poblacion"
244,244,Embalse Las Palmas,MPI-ESM1-2-LR_ssp585,"Propuesta PEGH Riego, Aumento 25% Poblacion"
245,245,Embalse Las Palmas,MPI-ESM1-2-LR_ssp585,"Propuesta PEGH Riego, Aumento 50% Poblacion"
246,246,Embalse Las Palmas,MPI-ESM1-2-LR_ssp585,"Aumento 15% Areas Riego, Propuesta PEGH Poblacion"
247,247,Embalse Las Palmas,MPI-ESM1-2-LR_ssp585,"Aumento 15% Areas Riego, Aumento 25% Poblacion"
248,248,Embalse Las Palmas,MPI-ESM1-2-LR_ssp585,"Aumento 15% Areas Riego, Aumento 50% Poblacion"
249,249,Embalse Las Palmas,MPI-ESM1-2-LR_ssp585,"Disminuye 15% Areas Riego, Propuesta PEGH Poblacion"
250,250,Embalse Las Palmas,MPI-ESM1-2-LR_ssp585,"Disminuye 15% Areas Riego, Aumento 25% Poblacion"
251,251,Embalse Las Palmas,MPI-ESM1-2-LR_ssp585,"Disminuye 15% Areas Riego, Aumento 50% Poblacion"
252,252,Embalse Las Palmas,AWI-CM-1-1-MR_ssp126,"Propuesta PEGH Riego, Propuesta PEGH Poblacion"
253,253,Embalse Las Palmas,AWI-CM-1-1-MR_ssp126,"Propuesta PEGH Riego, Aumento 25% Poblacion"
254,254,Embalse Las Palmas,AWI-CM-1-1-MR_ssp126,"Propuesta PEGH Riego, Aumento 50% Poblacion"
255,255,Embalse Las Palmas,AWI-CM-1-1-MR_ssp126,"Aumento 15% Areas Riego, Propuesta PEGH Poblacion"
256,256,Embalse Las Palmas,AWI-CM-1-1-MR_ssp126,"Aumento 15% Areas Riego, Aumento 25% Poblacion"
257,257,Embalse Las Palmas,AWI-CM-1-1-MR_ssp126,"Aumento 15% Areas Riego, Aumento 50% Poblacion"
258,258,Embalse Las Palmas,AWI-CM-1-1-MR_ssp126,"Disminuye 15% Areas Riego, Propuesta PEGH Poblacion"
259,259,Embalse Las Palmas,AWI-CM-1-1-MR_ssp126,"Disminuye 15% Areas Riego, Aumento 25% Poblacion"
260,260,Embalse Las Palmas,AWI-CM-1-1-MR_ssp126,"Disminuye 15% Areas Riego, Aumento 50% Poblacion"
261,261,Embalse Las Palmas,AWI-CM-1-1-MR_ssp585,"Propuesta PEGH Riego, Propuesta PEGH Poblacion"
262,262,Embalse Las Palmas,AWI-CM-1-1-MR_ssp585,"Propuesta PEGH Riego, Aumento 25% Poblacion"
263,263,Embalse Las Palmas,AWI-CM-1-1-MR_ssp585,"Propuesta PEGH Riego, Aumento 50% Poblacion"
264,264,Embalse Las Palmas,AWI-CM-1-1-MR_ssp585,"Aumento 15% Areas Riego, Propuesta PEGH Poblacion"
265,265,Embalse Las Palmas,AWI-CM-1-1-MR_ssp585,"Aumento 15% Areas Riego, Aumento 25% Poblacion"
266,266,Embalse Las Palmas,AWI-CM-1-1-MR_ssp585,"Aumento 15% Areas Riego, Aumento 50% Poblacion"
267,267,Embalse Las Palmas,AWI-CM-1-1-MR_ssp585,"Disminuye 15% Areas Riego, Propuesta PEGH Poblacion"
268,268,Embalse Las Palmas,AWI-CM-1-1-MR_ssp585,"Disminuye 15% Areas Riego, Aumento 25% Poblacion"
269,269,Embalse Las Palmas,AWI-CM-1-1-MR_ssp585,"Disminuye 15% Areas Riego, Aumento 50% Poblacion"
270,270,Embalse Pedernal,NESM3_ssp126,"Propuesta PEGH Riego, Propuesta PEGH Poblacion"
271,271,Embalse Pedernal,NESM3_ssp126,"Propuesta PEGH Riego, Aumento 25% Poblacion"
272,272,Embalse Pedernal,NESM3_ssp126,"Propuesta PEGH Riego, Aumento 50% Poblacion"
273,273,Embalse Pedernal,NESM3_ssp126,"Aumento 15% Areas Riego, Propuesta PEGH Poblacion"
274,274,Embalse Pedernal,NESM3_ssp126,"Aumento 15% Areas Riego, Aumento 25% Poblacion"
275,275,Embalse Pedernal,NESM3_ssp126,"Aumento 15% Areas Riego, Aumento 50% Poblacion"
276,276,Embalse Pedernal,NESM3_ssp126,"Disminuye 15% Areas Riego, Propuesta PEGH Poblacion"
277,277,Embalse Pedernal,NESM3_ssp126,"Disminuye 15% Areas Riego, Aumento 25% Poblacion"
278,278,Embalse Pedernal,NESM3_ssp126,"Disminuye 15% Areas Riego, Aumento 50% Poblacion"
279,279,Embalse Pedernal,NESM3_ssp585,"Propuesta PEGH Riego, Propuesta PEGH Poblacion"
280,280,Embalse Pedernal,NESM3_ssp585,"Propuesta PEGH Riego, Aumento 25% Poblacion"
281,281,Embalse Pedernal,NESM3_ssp585,"Propuesta PEGH Riego, Aumento 50% Poblacion"
282,282,Embalse Pedernal,NESM3_ssp585,"Aumento 15% Areas Riego, Propuesta PEGH Poblacion"
283,283,Embalse Pedernal,NESM3_ssp585,"Aumento 15% Areas Riego, Aumento 25% Poblacion"
284,284,Embalse Pedernal,NESM3_ssp585,"Aumento 15% Areas Riego, Aumento 50% Poblacion"
285,285,Embalse Pedernal,NESM3_ssp585,"Disminuye 15% Areas Riego, Propuesta PEGH Poblacion"
286,286,Embalse Pedernal,NESM3_ssp585,"Disminuye 15% Areas Riego, Aumento 25% Poblacion"
287,287,Embalse Pedernal,NESM3_ssp585,"Disminuye 15% Areas Riego, Aumento 50% Poblacion"
288,288,Embalse Pedernal,EC-Earth3-Veg_ssp126,"Propuesta PEGH Riego, Propuesta PEGH Poblacion"
289,289,Embalse Pedernal,EC-Earth3-Veg_ssp126,"Propuesta PEGH Riego, Aumento 25% Poblacion"
290,290,Embalse Pedernal,EC-Earth3-Veg_ssp126,"Propuesta PEGH Riego, Aumento 50% Poblacion"
291,291,Embalse Pedernal,EC-Earth3-Veg_ssp126,"Aumento 15% Areas Riego, Propuesta PEGH Poblacion"
292,292,Embalse Pedernal,EC-Earth3-Veg_ssp126,"Aumento 15% Areas Riego, Aumento 25% Poblacion"
293,293,Embalse Pedernal,EC-Earth3-Veg_ssp126,"Aumento 15% Areas Riego, Aumento 50% Poblacion"
294,294,Embalse Pedernal,EC-Earth3-Veg_ssp126,"Disminuye 15% Areas Riego, Propuesta PEGH Poblacion"
295,295,Embalse Pedernal,EC-Earth3-Veg_ssp126,"Disminuye 15% Areas Riego, Aumento 25% Poblacion"
296,296,Embalse Pedernal,EC-Earth3-Veg_ssp126,"Disminuye 15% Areas Riego, Aumento 50% Poblacion"
297,297,Embalse Pedernal,EC-Earth3-Veg_ssp585,"Propuesta PEGH Riego, Propuesta PEGH Poblacion"
298,298,Embalse Pedernal,EC-Earth3-Veg_ssp585,"Propuesta PEGH Riego, Aumento 25% Poblacion"
299,299,Embalse Pedernal,EC-Earth3-Veg_ssp585,"Propuesta PEGH Riego, Aumento 50% Poblacion"
300,300,Embalse Pedernal,EC-Earth3-Veg_ssp585,"Aumento 15% Areas Riego, Propuesta PEGH Poblacion"
301,301,Embalse Pedernal,EC-Earth3-Veg_ssp585,"Aumento 15% Areas Riego, Aumento 25% Poblacion"
302,302,Embalse Pedernal,EC-Earth3-Veg_ssp585,"Aumento 15% Areas Riego, Aumento 50% Poblacion"
303,303,Embalse Pedernal,EC-Earth3-Veg_ssp585,"Disminuye 15% Areas Riego, Propuesta PEGH Poblacion"
304,304,Embalse Pedernal,EC-Earth3-Veg_ssp585,"Disminuye 15% Areas Riego, Aumento 25% Poblacion"
305,305,Embalse Pedernal,EC-Earth3-Veg_ssp585,"Disminuye 15% Areas Riego, Aumento 50% Poblacion"
306,306,Embalse Pedernal,ACCESS-CM2_ssp126,"Propuesta PEGH Riego, Propuesta PEGH Poblacion"
307,307,Embalse Pedernal,ACCESS-CM2_ssp126,"Propuesta PEGH Riego, Aumento 25% Poblacion"
308,308,Embalse Pedernal,ACCESS-CM2_ssp126,"Propuesta PEGH Riego, Aumento 50% Poblacion"
309,309,Embalse Pedernal,ACCESS-CM2_ssp126,"Aumento 15% Areas Riego, Propuesta PEGH Poblacion"
310,310,Embalse Pedernal,ACCESS-CM2_ssp126,"Aumento 15% Areas Riego, Aumento 25% Poblacion"
311,311,Embalse Pedernal,ACCESS-CM2_ssp126,"Aumento 15% Areas Riego, Aumento 50% Poblacion"
312,312,Embalse Pedernal,ACCESS-CM2_ssp126,"Disminuye 15% Areas Riego, Propuesta PEGH Poblacion"
313,313,Embalse Pedernal,ACCESS-CM2_ssp126,"Disminuye 15% Areas Riego, Aumento 25% Poblacion"
314,314,Embalse Pedernal,ACCESS-CM2_ssp126,"Disminuye 15% Areas Riego, Aumento 50% Poblacion"
315,315,Embalse Pedernal,ACCESS-CM2_ssp585,"Propuesta PEGH Riego, Propuesta PEGH Poblacion"
316,316,Embalse Pedernal,ACCESS-CM2_ssp585,"Propuesta PEGH Riego, Aumento 25% Poblacion"
317,317,Embalse Pedernal,ACCESS-CM2_ssp585,"Propuesta PEGH Riego, Aumento 50% Poblacion"
318,318,Embalse Pedernal,ACCESS-CM2_ssp585,"Aumento 15% Areas Riego, Propuesta PEGH Poblacion"
319,319,Embalse Pedernal,ACCESS-CM2_ssp585,"Aumento 15% Areas Riego, Aumento 25% Poblacion"
320,320,Embalse Pedernal,ACCESS-CM2_ssp585,"Aumento 15% Areas Riego, Aumento 50% Poblacion"
321,321,Embalse Pedernal,ACCESS-CM2_ssp585,"Disminuye 15% Areas Riego, Propuesta PEGH Poblacion"
322,322,Embalse Pedernal,ACCESS-CM2_ssp585,"Disminuye 15% Areas Riego, Aumento 25% Poblacion"
323,323,Embalse Pedernal,ACCESS-CM2_ssp585,"Disminuye 15% Areas Riego, Aumento 50% Poblacion"
324,324,Embalse Pedernal,MPI-ESM1-2-LR_ssp126,"Propuesta PEGH Riego, Propuesta PEGH Poblacion"
325,325,Embalse Pedernal,MPI-ESM1-2-LR_ssp126,"Propuesta PEGH Riego, Aumento 25% Poblacion"
326,326,Embalse Pedernal,MPI-ESM1-2-LR_ssp126,"Propuesta PEGH Riego, Aumento 50% Poblacion"
327,327,Embalse Pedernal,MPI-ESM1-2-LR_ssp126,"Aumento 15% Areas Riego, Propuesta PEGH Poblacion"
328,328,Embalse Pedernal,MPI-ESM1-2-LR_ssp126,"Aumento 15% Areas Riego, Aumento 25% Poblacion"
329,329,Embalse Pedernal,MPI-ESM1-2-LR_ssp126,"Aumento 15% Areas Riego, Aumento 50% Poblacion"
330,330,Embalse Pedernal,MPI-ESM1-2-LR_ssp126,"Disminuye 15% Areas Riego, Propuesta PEGH Poblacion"
331,331,Embalse Pedernal,MPI-ESM1-2-LR_ssp126,"Disminuye 15% Areas Riego, Aumento 25% Poblacion"
332,332,Embalse Pedernal,MPI-ESM1-2-LR_ssp126,"Disminuye 15% Areas Riego, Aumento 50% Poblacion"
333,333,Embalse Pedernal,MPI-ESM1-2-LR_ssp585,"Propuesta PEGH Riego, Propuesta PEGH Poblacion"
334,334,Embalse Pedernal,MPI-ESM1-2-LR_ssp585,"Propuesta PEGH Riego, Aumento 25% Poblacion"
335,335,Embalse Pedernal,MPI-ESM1-2-LR_ssp585,"Propuesta PEGH Riego, Aumento 50% Poblacion"
336,336,Embalse Pedernal,MPI-ESM1-2-LR_ssp585,"Aumento 15% Areas Riego, Propuesta PEGH Poblacion"
337,337,Embalse Pedernal,MPI-ESM1-2-LR_ssp585,"Aumento 15% Areas Riego, Aumento 25% Poblacion"
338,338,Embalse Pedernal,MPI-ESM1-2-LR_ssp585,"Aumento 15% Areas Riego, Aumento 50% Poblacion"
339,339,Embalse Pedernal,MPI-ESM1-2-LR_ssp585,"Disminuye 15% Areas Riego, Propuesta PEGH Poblacion"
340,340,Embalse Pedernal,MPI-ESM1-2-LR_ssp585,"Disminuye 15% Areas Riego, Aumento 25% Poblacion"
341,341,Embalse Pedernal,MPI-ESM1-2-LR_ssp585,"Disminuye 15% Areas Riego, Aumento 50% Poblacion"
342,342,Embalse Pedernal,AWI-CM-1-1-MR_ssp126,"Propuesta PEGH Riego, Propuesta PEGH Poblacion"
343,343,Embalse Pedernal,AWI-CM-1-1-MR_ssp126,"Propuesta PEGH Riego, Aumento 25% Poblacion"
344,344,Embalse Pedernal,AWI-CM-1-1-MR_ssp126,"Propuesta PEGH Riego, Aumento 50% Poblacion"
345,345,Embalse Pedernal,AWI-CM-1-1-MR_ssp126,"Aumento 15% Areas Riego, Propuesta PEGH Poblacion"
346,346,Embalse Pedernal,AWI-CM-1-1-MR_ssp126,"Aumento 15% Areas Riego, Aumento 25% Poblacion"
347,347,Embalse Pedernal,AWI-CM-1-1-MR_ssp126,"Aumento 15% Areas Riego, Aumento 50% Poblacion"
348,348,Embalse Pedernal,AWI-CM-1-1-MR_ssp126,"Disminuye 15% Areas Riego, Propuesta PEGH Poblacion"
349,349,Embalse Pedernal,AWI-CM-1-1-MR_ssp126,"Disminuye 15% Areas Riego, Aumento 25% Poblacion"
350,350,Embalse Pedernal,AWI-CM-1-1-MR_ssp126,"Disminuye 15% Areas Riego, Aumento 50% Poblacion"
351,351,Embalse Pedernal,AWI-CM-1-1-MR_ssp585,"Propuesta PEGH Riego, Propuesta PEGH Poblacion"
352,352,Embalse Pedernal,AWI-CM-1-1-MR_ssp585,"Propuesta PEGH Riego, Aumento 25% Poblacion"
353,353,Embalse Pedernal,AWI-CM-1-1-MR_ssp585,"Propuesta PEGH Riego, Aumento 50% Poblacion"
354,354,Embalse Pedernal,AWI-CM-1-1-MR_ssp585,"Aumento 15% Areas Riego, Propuesta PEGH Poblacion"
355,355,Embalse Pedernal,AWI-CM-1-1-MR_ssp585,"Aumento 15% Areas Riego, Aumento 25% Poblacion"
356,356,Embalse Pedernal,AWI-CM-1-1-MR_ssp585,"Aumento 15% Areas Riego, Aumento 50% Poblacion"
357,357,Embalse Pedernal,AWI-CM-1-1-MR_ssp585,"Disminuye 15% Areas Riego, Propuesta PEGH Poblacion"
358,358,Embalse Pedernal,AWI-CM-1-1-MR_ssp585,"Disminuye 15% Areas Riego, Aumento 25% Poblacion"
359,359,Embalse Pedernal,AWI-CM-1-1-MR_ssp585,"Disminuye 15% Areas Riego, Aumento 50% Poblacion"
360,360,Embalse Angeles,NESM3_ssp126,"Propuesta PEGH Riego, Propuesta PEGH Poblacion"
361,361,Embalse Angeles,NESM3_ssp126,"Propuesta PEGH Riego, Aumento 25% Poblacion"
362,362,Embalse Angeles,NESM3_ssp126,"Propuesta PEGH Riego, Aumento 50% Poblacion"
363,363,Embalse Angeles,NESM3_ssp126,"Aumento 15% Areas Riego, Propuesta PEGH Poblacion"
364,364,Embalse Angeles,NESM3_ssp126,"Aumento 15% Areas Riego, Aumento 25% Poblacion"
365,365,Embalse Angeles,NESM3_ssp126,"Aumento 15% Areas Riego, Aumento 50% Poblacion"
366,366,Embalse Angeles,NESM3_ssp126,"Disminuye 15% Areas Riego, Propuesta PEGH Poblacion"
367,367,Embalse Angeles,NESM3_ssp126,"Disminuye 15% Areas Riego, Aumento 25% Poblacion"
368,368,Embalse Angeles,NESM3_ssp126,"Disminuye 15% Areas Riego, Aumento 50% Poblacion"
369,369,Embalse Angeles,NESM3_ssp585,"Propuesta PEGH Riego, Propuesta PEGH Poblacion"
370,370,Embalse Angeles,NESM3_ssp585,"Propuesta PEGH Riego, Aumento 25% Poblacion"
371,371,Embalse Angeles,NESM3_ssp585,"Propuesta PEGH Riego, Aumento 50% Poblacion"
372,372,Embalse Angeles,NESM3_ssp585,"Aumento 15% Areas Riego, Propuesta PEGH Poblacion"
373,373,Embalse Angeles,NESM3_ssp585,"Aumento 15% Areas Riego, Aumento 25% Poblacion"
374,374,Embalse Angeles,NESM3_ssp585,"Aumento 15% Areas Riego, Aumento 50% Poblacion"
375,375,Embalse Angeles,NESM3_ssp585,"Disminuye 15% Areas Riego, Propuesta PEGH Poblacion"
376,376,Embalse Angeles,NESM3_ssp585,"Disminuye 15% Areas Riego, Aumento 25% Poblacion"
377,377,Embalse Angeles,NESM3_ssp585,"Disminuye 15% Areas Riego, Aumento 50% Poblacion"
378,378,Embalse Angeles,EC-Earth3-Veg_ssp126,"Propuesta PEGH Riego, Propuesta PEGH Poblacion"
379,379,Embalse Angeles,EC-Earth3-Veg_ssp126,"Propuesta PEGH Riego, Aumento 25% Poblacion"
380,380,Embalse Angeles,EC-Earth3-Veg_ssp126,"Propuesta PEGH Riego, Aumento 50% Poblacion"
381,381,Embalse Angeles,EC-Earth3-Veg_ssp126,"Aumento 15% Areas Riego, Propuesta PEGH Poblacion"
382,382,Embalse Angeles,EC-Earth3-Veg_ssp126,"Aumento 15% Areas Riego, Aumento 25% Poblacion"
383,383,Embalse Angeles,EC-Earth3-Veg_ssp126,"Aumento 15% Areas Riego, Aumento 50% Poblacion"
384,384,Embalse Angeles,EC-Earth3-Veg_ssp126,"Disminuye 15% Areas Riego, Propuesta PEGH Poblacion"
385,385,Embalse Angeles,EC-Earth3-Veg_ssp126,"Disminuye 15% Areas Riego, Aumento 25% Poblacion"
386,386,Embalse Angeles,EC-Earth3-Veg_ssp126,"Disminuye 15% Areas Riego, Aumento 50% Poblacion"
387,387,Embalse Angeles,EC-Earth3-Veg_ssp585,"Propuesta PEGH Riego, Propuesta PEGH Poblacion"
388,388,Embalse Angeles,EC-Earth3-Veg_ssp585,"Propuesta PEGH Riego, Aumento 25% Poblacion"
389,389,Embalse Angeles,EC-Earth3-Veg_ssp585,"Propuesta PEGH Riego, Aumento 50% Poblacion"
390,390,Embalse Angeles,EC-Earth3-Veg_ssp585,"Aumento 15% Areas Riego, Propuesta PEGH Poblacion"
391,391,Embalse Angeles,EC-Earth3-Veg_ssp585,"Aumento 15% Areas Riego, Aumento 25% Poblacion"
392,392,Embalse Angeles,EC-Earth3-Veg_ssp585,"Aumento 15% Areas Riego, Aumento 50% Poblacion"
393,393,Embalse Angeles,EC-Earth3-Veg_ssp585,"Disminuye 15% Areas Riego, Propuesta PEGH Poblacion"
394,394,Embalse Angeles,EC-Earth3-Veg_ssp585,"Disminuye 15% Areas Riego, Aumento 25% Poblacion"
395,395,Embalse Angeles,EC-Earth3-Veg_ssp585,"Disminuye 15% Areas Riego, Aumento 50% Poblacion"
396,396,Embalse Angeles,ACCESS-CM2_ssp126,"Propuesta PEGH Riego, Propuesta PEGH Poblacion"
397,397,Embalse Angeles,ACCESS-CM2_ssp126,"Propuesta PEGH Riego, Aumento 25% Poblacion"
398,398,Embalse Angeles,ACCESS-CM2_ssp126,"Propuesta PEGH Riego, Aumento 50% Poblacion"
399,399,Embalse Angeles,ACCESS-CM2_ssp126,"Aumento 15% Areas Riego, Propuesta PEGH Poblacion"
400,400,Embalse Angeles,ACCESS-CM2_ssp126,"Aumento 15% Areas Riego, Aumento 25% Poblacion"
401,401,Embalse Angeles,ACCESS-CM2_ssp126,"Aumento 15% Areas Riego, Aumento 50% Poblacion"
402,402,Embalse Angeles,ACCESS-CM2_ssp126,"Disminuye 15% Areas Riego, Propuesta PEGH Poblacion"
403,403,Embalse Angeles,ACCESS-CM2_ssp126,"Disminuye 15% Areas Riego, Aumento 25% Poblacion"
404,404,Embalse Angeles,ACCESS-CM2_ssp126,"Disminuye 15% Areas Riego, Aumento 50% Poblacion"
405,405,Embalse Angeles,ACCESS-CM2_ssp585,"Propuesta PEGH Riego, Propuesta PEGH Poblacion"
406,406,Embalse Angeles,ACCESS-CM2_ssp585,"Propuesta PEGH Riego, Aumento 25% Poblacion"
407,407,Embalse Angeles,ACCESS-CM2_ssp585,"Propuesta PEGH Riego, Aumento 50% Poblacion"
408,408,Embalse Angeles,ACCESS-CM2_ssp585,"Aumento 15% Areas Riego, Propuesta PEGH Poblacion"
409,409,Embalse Angeles,ACCESS-CM2_ssp585,"Aumento 15% Areas Riego, Aumento 25% Poblacion"
410,410,Embalse Angeles,ACCESS-CM2_ssp585,"Aumento 15% Areas Riego, Aumento 50% Poblacion"
411,411,Embalse Angeles,ACCESS-CM2_ssp585,"Disminuye 15% Areas Riego, Propuesta PEGH Poblacion"
412,412,Embalse Angeles,ACCESS-CM2_ssp585,"Disminuye 15% Areas Riego, Aumento 25% Poblacion"
413,413,Embalse Angeles,ACCESS-CM2_ssp585,"Disminuye 15% Areas Riego, Aumento 50% Poblacion"
414,414,Embalse Angeles,MPI-ESM1-2-LR_ssp126,"Propuesta PEGH Riego, Propuesta PEGH Poblacion"
415,415,Embalse Angeles,MPI-ESM1-2-LR_ssp126,"Propuesta PEGH Riego, Aumento 25% Poblacion"
416,416,Embalse Angeles,MPI-ESM1-2-LR_ssp126,"Propuesta PEGH Riego, Aumento 50% Poblacion"
417,417,Embalse Angeles,MPI-ESM1-2-LR_ssp126,"Aumento 15% Areas Riego, Propuesta PEGH Poblacion"
418,418,Embalse Angeles,MPI-ESM1-2-LR_ssp126,"Aumento 15% Areas Riego, Aumento 25% Poblacion"
419,419,Embalse Angeles,MPI-ESM1-2-LR_ssp126,"Aumento 15% Areas Riego, Aumento 50% Poblacion"
420,420,Embalse Angeles,MPI-ESM1-2-LR_ssp126,"Disminuye 15% Areas Riego, Propuesta PEGH Poblacion"
421,421,Embalse Angeles,MPI-ESM1-2-LR_ssp126,"Disminuye 15% Areas Riego, Aumento 25% Poblacion"
422,422,Embalse Angeles,MPI-ESM1-2-LR_ssp126,"Disminuye 15% Areas Riego, Aumento 50% Poblacion"
423,423,Embalse Angeles,MPI-ESM1-2-LR_ssp585,"Propuesta PEGH Riego, Propuesta PEGH Poblacion"
424,424,Embalse Angeles,MPI-ESM1-2-LR_ssp585,"Propuesta PEGH Riego, Aumento 25% Poblacion"
425,425,Embalse Angeles,MPI-ESM1-2-LR_ssp585,"Propuesta PEGH Riego, Aumento 50% Poblacion"
426,426,Embalse Angeles,MPI-ESM1-2-LR_ssp585,"Aumento 15% Areas Riego, Propuesta PEGH Poblacion"
427,427,Embalse Angeles,MPI-ESM1-2-LR_ssp585,"Aumento 15% Areas Riego, Aumento 25% Poblacion"
428,428,Embalse Angeles,MPI-ESM1-2-LR_ssp585,"Aumento 15% Areas Riego, Aumento 50% Poblacion"
429,429,Embalse Angeles,MPI-ESM1-2-LR_ssp585,"Disminuye 15% Areas Riego, Propuesta PEGH Poblacion"
430,430,Embalse Angeles,MPI-ESM1-2-LR_ssp585,"Disminuye 15% Areas Riego, Aumento 25% Poblacion"
431,431,Embalse Angeles,MPI-ESM1-2-LR_ssp585,"Disminuye 15% Areas Riego, Aumento 50% Poblacion"
432,432,Embalse Angeles,AWI-CM-1-1-MR_ssp126,"Propuesta PEGH Riego, Propuesta PEGH Poblacion"
433,433,Embalse Angeles,AWI-CM-1-1-MR_ssp126,"Propuesta PEGH Riego, Aumento 25% Poblacion"
434,434,Embalse Angeles,AWI-CM-1-1-MR_ssp126,"Propuesta PEGH Riego, Aumento 50% Poblacion"
435,435,Embalse Angeles,AWI-CM-1-1-MR_ssp126,"Aumento 15% Areas Riego, Propuesta PEGH Poblacion"
436,436,Embalse Angeles,AWI-CM-1-1-MR_ssp126,"Aumento 15% Areas Riego, Aumento 25% Poblacion"
437,437,Embalse Angeles,AWI-CM-1-1-MR_ssp126,"Aumento 15% Areas Riego, Aumento 50% Poblacion"
438,438,Embalse Angeles,AWI-CM-1-1-MR_ssp126,"Disminuye 15% Areas Riego, Propuesta PEGH Poblacion"
439,439,Embalse Angeles,AWI-CM-1-1-MR_ssp126,"Disminuye 15% Areas Riego, Aumento 25% Poblacion"
440,440,Embalse Angeles,AWI-CM-1-1-MR_ssp126,"Disminuye 15% Areas Riego, Aumento 50% Poblacion"
441,441,Embalse Angeles,AWI-CM-1-1-MR_ssp585,"Propuesta PEGH Riego, Propuesta PEGH Poblacion"
442,442,Embalse Angeles,AWI-CM-1-1-MR_ssp585,"Propuesta PEGH Riego, Aumento 25% Poblacion"
443,443,Embalse Angeles,AWI-CM-1-1-MR_ssp585,"Propuesta PEGH Riego, Aumento 50% Poblacion"
444,444,Embalse Angeles,AWI-CM-1-1-MR_ssp585,"Aumento 15% Areas Riego, Propuesta PEGH Poblacion"
445,445,Embalse Angeles,AWI-CM-1-1-MR_ssp585,"Aumento 15% Areas Riego, Aumento 25% Poblacion"
446,446,Embalse Angeles,AWI-CM-1-1-MR_ssp585,"Aumento 15% Areas Riego, Aumento 50% Poblacion"
447,447,Embalse Angeles,AWI-CM-1-1-MR_ssp585,"Disminuye 15% Areas Riego, Propuesta PEGH Poblacion"
448,448,Embalse Angeles,AWI-CM-1-1-MR_ssp585,"Disminuye 15% Areas Riego, Aumento 25% Poblacion"
449,449,Embalse Angeles,AWI-CM-1-1-MR_ssp585,"Disminuye 15% Areas Riego, Aumento 50% Poblacion"
450,450,Embalse Chupalla,NESM3_ssp126,"Propuesta PEGH Riego, Propuesta PEGH Poblacion"
451,451,Embalse Chupalla,NESM3_ssp126,"Propuesta PEGH Riego, Aumento 25% Poblacion"
452,452,Embalse Chupalla,NESM3_ssp126,"Propuesta PEGH Riego, Aumento 50% Poblacion"
453,453,Embalse Chupalla,NESM3_ssp126,"Aumento 15% Areas Riego, Propuesta PEGH Poblacion"
454,454,Embalse Chupalla,NESM3_ssp126,"Aumento 15% Areas Riego, Aumento 25% Poblacion"
455,455,Embalse Chupalla,NESM3_ssp126,"Aumento 15% Areas Riego, Aumento 50% Poblacion"
456,456,Embalse Chupalla,NESM3_ssp126,"Disminuye 15% Areas Riego, Propuesta PEGH Poblacion"
457,457,Embalse Chupalla,NESM3_ssp126,"Disminuye 15% Areas Riego, Aumento 25% Poblacion"
458,458,Embalse Chupalla,NESM3_ssp126,"Disminuye 15% Areas Riego, Aumento 50% Poblacion"
459,459,Embalse Chupalla,NESM3_ssp585,"Propuesta PEGH Riego, Propuesta PEGH Poblacion"
460,460,Embalse Chupalla,NESM3_ssp585,"Propuesta PEGH Riego, Aumento 25% Poblacion"
461,461,Embalse Chupalla,NESM3_ssp585,"Propuesta PEGH Riego, Aumento 50% Poblacion"
462,462,Embalse Chupalla,NESM3_ssp585,"Aumento 15% Areas Riego, Propuesta PEGH Poblacion"
463,463,Embalse Chupalla,NESM3_ssp585,"Aumento 15% Areas Riego, Aumento 25% Poblacion"
464,464,Embalse Chupalla,NESM3_ssp585,"Aumento 15% Areas Riego, Aumento 50% Poblacion"
465,465,Embalse Chupalla,NESM3_ssp585,"Disminuye 15% Areas Riego, Propuesta PEGH Poblacion"
466,466,Embalse Chupalla,NESM3_ssp585,"Disminuye 15% Areas Riego, Aumento 25% Poblacion"
467,467,Embalse Chupalla,NESM3_ssp585,"Disminuye 15% Areas Riego, Aumento 50% Poblacion"
468,468,Embalse Chupalla,EC-Earth3-Veg_ssp126,"Propuesta PEGH Riego, Propuesta PEGH Poblacion"
469,469,Embalse Chupalla,EC-Earth3-Veg_ssp126,"Propuesta PEGH Riego, Aumento 25% Poblacion"
470,470,Embalse Chupalla,EC-Earth3-Veg_ssp126,"Propuesta PEGH Riego, Aumento 50% Poblacion"
471,471,Embalse Chupalla,EC-Earth3-Veg_ssp126,"Aumento 15% Areas Riego, Propuesta PEGH Poblacion"
472,472,Embalse Chupalla,EC-Earth3-Veg_ssp126,"Aumento 15% Areas Riego, Aumento 25% Poblacion"
473,473,Embalse Chupalla,EC-Earth3-Veg_ssp126,"Aumento 15% Areas Riego, Aumento 50% Poblacion"
474,474,Embalse Chupalla,EC-Earth3-Veg_ssp126,"Disminuye 15% Areas Riego, Propuesta PEGH Poblacion"
475,475,Embalse Chupalla,EC-Earth3-Veg_ssp126,"Disminuye 15% Areas Riego, Aumento 25% Poblacion"
476,476,Embalse Chupalla,EC-Earth3-Veg_ssp126,"Disminuye 15% Areas Riego, Aumento 50% Poblacion"
477,477,Embalse Chupalla,EC-Earth3-Veg_ssp585,"Propuesta PEGH Riego, Propuesta PEGH Poblacion"
478,478,Embalse Chupalla,EC-Earth3-Veg_ssp585,"Propuesta PEGH Riego, Aumento 25% Poblacion"
479,479,Embalse Chupalla,EC-Earth3-Veg_ssp585,"Propuesta PEGH Riego, Aumento 50% Poblacion"
480,480,Embalse Chupalla,EC-Earth3-Veg_ssp585,"Aumento 15% Areas Riego, Propuesta PEGH Poblacion"
481,481,Embalse Chupalla,EC-Earth3-Veg_ssp585,"Aumento 15% Areas Riego, Aumento 25% Poblacion"
482,482,Embalse Chupalla,EC-Earth3-Veg_ssp585,"Aumento 15% Areas Riego, Aumento 50% Poblacion"
483,483,Embalse Chupalla,EC-Earth3-Veg_ssp585,"Disminuye 15% Areas Riego, Propuesta PEGH Poblacion"
484,484,Embalse Chupalla,EC-Earth3-Veg_ssp585,"Disminuye 15% Areas Riego, Aumento 25% Poblacion"
485,485,Embalse Chupalla,EC-Earth3-Veg_ssp585,"Disminuye 15% Areas Riego, Aumento 50% Poblacion"
486,486,Embalse Chupalla,ACCESS-CM2_ssp126,"Propuesta PEGH Riego, Propuesta PEGH Poblacion"
487,487,Embalse Chupalla,ACCESS-CM2_ssp126,"Propuesta PEGH Riego, Aumento 25% Poblacion"
488,488,Embalse Chupalla,ACCESS-CM2_ssp126,"Propuesta PEGH Riego, Aumento 50% Poblacion"
489,489,Embalse Chupalla,ACCESS-CM2_ssp126,"Aumento 15% Areas Riego, Propuesta PEGH Poblacion"
490,490,Embalse Chupalla,ACCESS-CM2_ssp126,"Aumento 15% Areas Riego, Aumento 25% Poblacion"
491,491,Embalse Chupalla,ACCESS-CM2_ssp126,"Aumento 15% Areas Riego, Aumento 50% Poblacion"
492,492,Embalse Chupalla,ACCESS-CM2_ssp126,"Disminuye 15% Areas Riego, Propuesta PEGH Poblacion"
493,493,Embalse Chupalla,ACCESS-CM2_ssp126,"Disminuye 15% Areas Riego, Aumento 25% Poblacion"
494,494,Embalse Chupalla,ACCESS-CM2_ssp126,"Disminuye 15% Areas Riego, Aumento 50% Poblacion"
495,495,Embalse Chupalla,ACCESS-CM2_ssp585,"Propuesta PEGH Riego, Propuesta PEGH Poblacion"
496,496,Embalse Chupalla,ACCESS-CM2_ssp585,"Propuesta PEGH Riego, Aumento 25% Poblacion"
497,497,Embalse Chupalla,ACCESS-CM2_ssp585,"Propuesta PEGH Riego, Aumento 50% Poblacion"
498,498,Embalse Chupalla,ACCESS-CM2_ssp585,"Aumento 15% Areas Riego, Propuesta PEGH Poblacion"
499,499,Embalse Chupalla,ACCESS-CM2_ssp585,"Aumento 15% Areas Riego, Aumento 25% Poblacion"
500,500,Embalse Chupalla,ACCESS-CM2_ssp585,"Aumento 15% Areas Riego, Aumento 50% Poblacion"
501,501,Embalse Chupalla,ACCESS-CM2_ssp585,"Disminuye 15% Areas Riego, Propuesta PEGH Poblacion"
502,502,Embalse Chupalla,ACCESS-CM2_ssp585,"Disminuye 15% Areas Riego, Aumento 25% Poblacion"
503,503,Embalse Chupalla,ACCESS-CM2_ssp585,"Disminuye 15% Areas Riego, Aumento 50% Poblacion"
504,504,Embalse Chupalla,MPI-ESM1-2-LR_ssp126,"Propuesta PEGH Riego, Propuesta PEGH Poblacion"
505,505,Embalse Chupalla,MPI-ESM1-2-LR_ssp126,"Propuesta PEGH Riego, Aumento 25% Poblacion"
506,506,Embalse Chupalla,MPI-ESM1-2-LR_ssp126,"Propuesta PEGH Riego, Aumento 50% Poblacion"
507,507,Embalse Chupalla,MPI-ESM1-2-LR_ssp126,"Aumento 15% Areas Riego, Propuesta PEGH Poblacion"
508,508,Embalse Chupalla,MPI-ESM1-2-LR_ssp126,"Aumento 15% Areas Riego, Aumento 25% Poblacion"
509,509,Embalse Chupalla,MPI-ESM1-2-LR_ssp126,"Aumento 15% Areas Riego, Aumento 50% Poblacion"
510,510,Embalse Chupalla,MPI-ESM1-2-LR_ssp126,"Disminuye 15% Areas Riego, Propuesta PEGH Poblacion"
511,511,Embalse Chupalla,MPI-ESM1-2-LR_ssp126,"Disminuye 15% Areas Riego, Aumento 25% Poblacion"
512,512,Embalse Chupalla,MPI-ESM1-2-LR_ssp126,"Disminuye 15% Areas Riego, Aumento 50% Poblacion"
513,513,Embalse Chupalla,MPI-ESM1-2-LR_ssp585,"Propuesta PEGH Riego, Propuesta PEGH Poblacion"
514,514,Embalse Chupalla,MPI-ESM1-2-LR_ssp585,"Propuesta PEGH Riego, Aumento 25% Poblacion"
515,515,Embalse Chupalla,MPI-ESM1-2-LR_ssp585,"Propuesta PEGH Riego, Aumento 50% Poblacion"
516,516,Embalse Chupalla,MPI-ESM1-2-LR_ssp585,"Aumento 15% Areas Riego, Propuesta PEGH Poblacion"
517,517,Embalse Chupalla,MPI-ESM1-2-LR_ssp585,"Aumento 15% Areas Riego, Aumento 25% Poblacion"
518,518,Embalse Chupalla,MPI-ESM1-2-LR_ssp585,"Aumento 15% Areas Riego, Aumento 50% Poblacion"
519,519,Embalse Chupalla,MPI-ESM1-2-LR_ssp585,"Disminuye 15% Areas Riego, Propuesta PEGH Poblacion"
520,520,Embalse Chupalla,MPI-ESM1-2-LR_ssp585,"Disminuye 15% Areas Riego, Aumento 25% Poblacion"
521,521,Embalse Chupalla,MPI-ESM1-2-LR_ssp585,"Disminuye 15% Areas Riego, Aumento 50% Poblacion"
522,522,Embalse Chupalla,AWI-CM-1-1-MR_ssp126,"Propuesta PEGH Riego, Propuesta PEGH Poblacion"
523,523,Embalse Chupalla,AWI-CM-1-1-MR_ssp126,"Propuesta PEGH Riego, Aumento 25% Poblacion"
524,524,Embalse Chupalla,AWI-CM-1-1-MR_ssp126,"Propuesta PEGH Riego, Aumento 50% Poblacion"
525,525,Embalse Chupalla,AWI-CM-1-1-MR_ssp126,"Aumento 15% Areas Riego, Propuesta PEGH Poblacion"
526,526,Embalse Chupalla,AWI-CM-1-1-MR_ssp126,"Aumento 15% Areas Riego, Aumento 25% Poblacion"
527,527,Embalse Chupalla,AWI-CM-1-1-MR_ssp126,"Aumento 15% Areas Riego, Aumento 50% Poblacion"
528,528,Embalse Chupalla,AWI-CM-1-1-MR_ssp126,"Disminuye 15% Areas Riego, Propuesta PEGH Poblacion"
529,529,Embalse Chupalla,AWI-CM-1-1-MR_ssp126,"Disminuye 15% Areas Riego, Aumento 25% Poblacion"
530,530,Embalse Chupalla,AWI-CM-1-1-MR_ssp126,"Disminuye 15% Areas Riego, Aumento 50% Poblacion"
531,531,Embalse Chupalla,AWI-CM-1-1-MR_ssp585,"Propuesta PEGH Riego, Propuesta PEGH Poblacion"
532,532,Embalse Chupalla,AWI-CM-1-1-MR_ssp585,"Propuesta PEGH Riego, Aumento 25% Poblacion"
533,533,Embalse Chupalla,AWI-CM-1-1-MR_ssp585,"Propuesta PEGH Riego, Aumento 50% Poblacion"
534,534,Embalse Chupalla,AWI-CM-1-1-MR_ssp585,"Aumento 15% Areas Riego, Propuesta PEGH Poblacion"
535,535,Embalse Chupalla,AWI-CM-1-1-MR_ssp585,"Aumento 15% Areas Riego, Aumento 25% Poblacion"
536,536,Embalse Chupalla,AWI-CM-1-1-MR_ssp585,"Aumento 15% Areas Riego, Aumento 50% Poblacion"
537,537,Embalse Chupalla,AWI-CM-1-1-MR_ssp585,"Disminuye 15% Areas Riego, Propuesta PEGH Poblacion"
538,538,Embalse Chupalla,AWI-CM-1-1-MR_ssp585,"Disminuye 15% Areas Riego, Aumento 25% Poblacion"
539,539,Embalse Chupalla,AWI-CM-1-1-MR_ssp585,"Disminuye 15% Areas Riego, Aumento 50% Poblacion"
540,540,Piscina de infiltracion,NESM3_ssp126,"Propuesta PEGH Riego, Propuesta PEGH Poblacion"
541,541,Piscina de infiltracion,NESM3_ssp126,"Propuesta PEGH Riego, Aumento 25% Poblacion"
542,542,Piscina de infiltracion,NESM3_ssp126,"Propuesta PEGH Riego, Aumento 50% Poblacion"
543,543,Piscina de infiltracion,NESM3_ssp126,"Aumento 15% Areas Riego, Propuesta PEGH Poblacion"
544,544,Piscina de infiltracion,NESM3_ssp126,"Aumento 15% Areas Riego, Aumento 25% Poblacion"
545,545,Piscina de infiltracion,NESM3_ssp126,"Aumento 15% Areas Riego, Aumento 50% Poblacion"
546,546,Piscina de infiltracion,NESM3_ssp126,"Disminuye 15% Areas Riego, Propuesta PEGH Poblacion"
547,547,Piscina de infiltracion,NESM3_ssp126,"Disminuye 15% Areas Riego, Aumento 25% Poblacion"
548,548,Piscina de infiltracion,NESM3_ssp126,"Disminuye 15% Areas Riego, Aumento 50% Poblacion"
549,549,Piscina de infiltracion,NESM3_ssp585,"Propuesta PEGH Riego, Propuesta PEGH Poblacion"
550,550,Piscina de infiltracion,NESM3_ssp585,"Propuesta PEGH Riego, Aumento 25% Poblacion"
551,551,Piscina de infiltracion,NESM3_ssp585,"Propuesta PEGH Riego, Aumento 50% Poblacion"
552,552,Piscina de infiltracion,NESM3_ssp585,"Aumento 15% Areas Riego, Propuesta PEGH Poblacion"
553,553,Piscina de infiltracion,NESM3_ssp585,"Aumento 15% Areas Riego, Aumento 25% Poblacion"
554,554,Piscina de infiltracion,NESM3_ssp585,"Aumento 15% Areas Riego, Aumento 50% Poblacion"
555,555,Piscina de infiltracion,NESM3_ssp585,"Disminuye 15% Areas Riego, Propuesta PEGH Poblacion"
556,556,Piscina de infiltracion,NESM3_ssp585,"Disminuye 15% Areas Riego, Aumento 25% Poblacion"
557,557,Piscina de infiltracion,NESM3_ssp585,"Disminuye 15% Areas Riego, Aumento 50% Poblacion"
558,558,Piscina de infiltracion,EC-Earth3-Veg_ssp126,"Propuesta PEGH Riego, Propuesta PEGH Poblacion"
559,559,Piscina de infiltracion,EC-Earth3-Veg_ssp126,"Propuesta PEGH Riego, Aumento 25% Poblacion"
560,560,Piscina de infiltracion,EC-Earth3-Veg_ssp126,"Propuesta PEGH Riego, Aumento 50% Poblacion"
561,561,Piscina de infiltracion,EC-Earth3-Veg_ssp126,"Aumento 15% Areas Riego, Propuesta PEGH Poblacion"
562,562,Piscina de infiltracion,EC-Earth3-Veg_ssp126,"Aumento 15% Areas Riego, Aumento 25% Poblacion"
563,563,Piscina de infiltracion,EC-Earth3-Veg_ssp126,"Aumento 15% Areas Riego, Aumento 50% Poblacion"
564,564,Piscina de infiltracion,EC-Earth3-Veg_ssp126,"Disminuye 15% Areas Riego, Propuesta PEGH Poblacion"
565,565,Piscina de infiltracion,EC-Earth3-Veg_ssp126,"Disminuye 15% Areas Riego, Aumento 25% Poblacion"
566,566,Piscina de infiltracion,EC-Earth3-Veg_ssp126,"Disminuye 15% Areas Riego, Aumento 50% Poblacion"
567,567,Piscina de infiltracion,EC-Earth3-Veg_ssp585,"Propuesta PEGH Riego, Propuesta PEGH Poblacion"
568,568,Piscina de infiltracion,EC-Earth3-Veg_ssp585,"Propuesta PEGH Riego, Aumento 25% Poblacion"
569,569,Piscina de infiltracion,EC-Earth3-Veg_ssp585,"Propuesta PEGH Riego, Aumento 50% Poblacion"
570,570,Piscina de infiltracion,EC-Earth3-Veg_ssp585,"Aumento 15% Areas Riego, Propuesta PEGH Poblacion"
571,571,Piscina de infiltracion,EC-Earth3-Veg_ssp585,"Aumento 15% Areas Riego, Aumento 25% Poblacion"
572,572,Piscina de infiltracion,EC-Earth3-Veg_ssp585,"Aumento 15% Areas Riego, Aumento 50% Poblacion"
573,573,Piscina de infiltracion,EC-Earth3-Veg_ssp585,"Disminuye 15% Areas Riego, Propuesta PEGH Poblacion"
574,574,Piscina de infiltracion,EC-Earth3-Veg_ssp585,"Disminuye 15% Areas Riego, Aumento 25% Poblacion"
575,575,Piscina de infiltracion,EC-Earth3-Veg_ssp585,"Disminuye 15% Areas Riego, Aumento 50% Poblacion"
576,576,Piscina de infiltracion,ACCESS-CM2_ssp126,"Propuesta PEGH Riego, Propuesta PEGH Poblacion"
577,577,Piscina de infiltracion,ACCESS-CM2_ssp126,"Propuesta PEGH Riego, Aumento 25% Poblacion"
578,578,Piscina de infiltracion,ACCESS-CM2_ssp126,"Propuesta PEGH Riego, Aumento 50% Poblacion"
579,579,Piscina de infiltracion,ACCESS-CM2_ssp126,"Aumento 15% Areas Riego, Propuesta PEGH Poblacion"
580,580,Piscina de infiltracion,ACCESS-CM2_ssp126,"Aumento 15% Areas Riego, Aumento 25% Poblacion"
581,581,Piscina de infiltracion,ACCESS-CM2_ssp126,"Aumento 15% Areas Riego, Aumento 50% Poblacion"
582,582,Piscina de infiltracion,ACCESS-CM2_ssp126,"Disminuye 15% Areas Riego, Propuesta PEGH Poblacion"
583,583,Piscina de infiltracion,ACCESS-CM2_ssp126,"Disminuye 15% Areas Riego, Aumento 25% Poblacion"
584,584,Piscina de infiltracion,ACCESS-CM2_ssp126,"Disminuye 15% Areas Riego, Aumento 50% Poblacion"
585,585,Piscina de infiltracion,ACCESS-CM2_ssp585,"Propuesta PEGH Riego, Propuesta PEGH Poblacion"
586,586,Piscina de infiltracion,ACCESS-CM2_ssp585,"Propuesta PEGH Riego, Aumento 25% Poblacion"
587,587,Piscina de infiltracion,ACCESS-CM2_ssp585,"Propuesta PEGH Riego, Aumento 50% Poblacion"
588,588,Piscina de infiltracion,ACCESS-CM2_ssp585,"Aumento 15% Areas Riego, Propuesta PEGH Poblacion"
589,589,Piscina de infiltracion,ACCESS-CM2_ssp585,"Aumento 15% Areas Riego, Aumento 25% Poblacion"
590,590,Piscina de infiltracion,ACCESS-CM2_ssp585,"Aumento 15% Areas Riego, Aumento 50% Poblacion"
591,591,Piscina de infiltracion,ACCESS-CM2_ssp585,"Disminuye 15% Areas Riego, Propuesta PEGH Poblacion"
592,592,Piscina de infiltracion,ACCESS-CM2_ssp585,"Disminuye 15% Areas Riego, Aumento 25% Poblacion"
593,593,Piscina de infiltracion,ACCESS-CM2_ssp585,"Disminuye 15% Areas Riego, Aumento 50% Poblacion"
594,594,Piscina de infiltracion,MPI-ESM1-2-LR_ssp126,"Propuesta PEGH Riego, Propuesta PEGH Poblacion"
595,595,Piscina de infiltracion,MPI-ESM1-2-LR_ssp126,"Propuesta PEGH Riego, Aumento 25% Poblacion"
596,596,Piscina de infiltracion,MPI-ESM1-2-LR_ssp126,"Propuesta PEGH Riego, Aumento 50% Poblacion"
597,597,Piscina de infiltracion,MPI-ESM1-2-LR_ssp126,"Aumento 15% Areas Riego, Propuesta PEGH Poblacion"
598,598,Piscina de infiltracion,MPI-ESM1-2-LR_ssp126,"Aumento 15% Areas Riego, Aumento 25% Poblacion"
599,599,Piscina de infiltracion,MPI-ESM1-2-LR_ssp126,"Aumento 15% Areas Riego, Aumento 50% Poblacion"
600,600,Piscina de infiltracion,MPI-ESM1-2-LR_ssp126,"Disminuye 15% Areas Riego, Propuesta PEGH Poblacion"
601,601,Piscina de infiltracion,MPI-ESM1-2-LR_ssp126,"Disminuye 15% Areas Riego, Aumento 25% Poblacion"
602,602,Piscina de infiltracion,MPI-ESM1-2-LR_ssp126,"Disminuye 15% Areas Riego, Aumento 50% Poblacion"
603,603,Piscina de infiltracion,MPI-ESM1-2-LR_ssp585,"Propuesta PEGH Riego, Propuesta PEGH Poblacion"
604,604,Piscina de infiltracion,MPI-ESM1-2-LR_ssp585,"Propuesta PEGH Riego, Aumento 25% Poblacion"
605,605,Piscina de infiltracion,MPI-ESM1-2-LR_ssp585,"Propuesta PEGH Riego, Aumento 50% Poblacion"
606,606,Piscina de infiltracion,MPI-ESM1-2-LR_ssp585,"Aumento 15% Areas Riego, Propuesta PEGH Poblacion"
607,607,Piscina de infiltracion,MPI-ESM1-2-LR_ssp585,"Aumento 15% Areas Riego, Aumento 25% Poblacion"
608,608,Piscina de infiltracion,MPI-ESM1-2-LR_ssp585,"Aumento 15% Areas Riego, Aumento 50% Poblacion"
609,609,Piscina de infiltracion,MPI-ESM1-2-LR_ssp585,"Disminuye 15% Areas Riego, Propuesta PEGH Poblacion"
610,610,Piscina de infiltracion,MPI-ESM1-2-LR_ssp585,"Disminuye 15% Areas Riego, Aumento 25% Poblacion"
611,611,Piscina de infiltracion,MPI-ESM1-2-LR_ssp585,"Disminuye 15% Areas Riego, Aumento 50% Poblacion"
612,612,Piscina de infiltracion,AWI-CM-1-1-MR_ssp126,"Propuesta PEGH Riego, Propuesta PEGH Poblacion"
613,613,Piscina de infiltracion,AWI-CM-1-1-MR_ssp126,"Propuesta PEGH Riego, Aumento 25% Poblacion"
614,614,Piscina de infiltracion,AWI-CM-1-1-MR_ssp126,"Propuesta PEGH Riego, Aumento 50% Poblacion"
615,615,Piscina de infiltracion,AWI-CM-1-1-MR_ssp126,"Aumento 15% Areas Riego, Propuesta PEGH Poblacion"
616,616,Piscina de infiltracion,AWI-CM-1-1-MR_ssp126,"Aumento 15% Areas Riego, Aumento 25% Poblacion"
617,617,Piscina de infiltracion,AWI-CM-1-1-MR_ssp126,"Aumento 15% Areas Riego, Aumento 50% Poblacion"
618,618,Piscina de infiltracion,AWI-CM-1-1-MR_ssp126,"Disminuye 15% Areas Riego, Propuesta PEGH Poblacion"
619,619,Piscina de infiltracion,AWI-CM-1-1-MR_ssp126,"Disminuye 15% Areas Riego, Aumento 25% Poblacion"
620,620,Piscina de infiltracion,AWI-CM-1-1-MR_ssp126,"Disminuye 15% Areas Riego, Aumento 50% Poblacion"
621,621,Piscina de infiltracion,AWI-CM-1-1-MR_ssp585,"Propuesta PEGH Riego, Propuesta PEGH Poblacion"
622,622,Piscina de infiltracion,AWI-CM-1-1-MR_ssp585,"Propuesta PEGH Riego, Aumento 25% Poblacion"
623,623,Piscina de infiltracion,AWI-CM-1-1-MR_ssp585,"Propuesta PEGH Riego, Aumento 50% Poblacion"
624,624,Piscina de infiltracion,AWI-CM-1-1-MR_ssp585,"Aumento 15% Areas Riego, Propuesta PEGH Poblacion"
625,625,Piscina de infiltracion,AWI-CM-1-1-MR_ssp585,"Aumento 15% Areas Riego, Aumento 25% Poblacion"
626,626,Piscina de infiltracion,AWI-CM-1-1-MR_ssp585,"Aumento 15% Areas Riego, Aumento 50% Poblacion"
627,627,Piscina de infiltracion,AWI-CM-1-1-MR_ssp585,"Disminuye 15% Areas Riego, Propuesta PEGH Poblacion"
628,628,Piscina de infiltracion,AWI-CM-1-1-MR_ssp585,"Disminuye 15% Areas Riego, Aumento 25% Poblacion"
629,629,Piscina de infiltracion,AWI-CM-1-1-MR_ssp585,"Disminuye 15% Areas Riego, Aumento 50% Poblacion"
630,630,Prorrateo,NESM3_ssp126,"Propuesta PEGH Riego, Propuesta PEGH Poblacion"
631,631,Prorrateo,NESM3_ssp126,"Propuesta PEGH Riego, Aumento 25% Poblacion"
632,632,Prorrateo,NESM3_ssp126,"Propuesta PEGH Riego, Aumento 50% Poblacion"
633,633,Prorrateo,NESM3_ssp126,"Aumento 15% Areas Riego, Propuesta PEGH Poblacion"
634,634,Prorrateo,NESM3_ssp126,"Aumento 15% Areas Riego, Aumento 25% Poblacion"
635,635,Prorrateo,NESM3_ssp126,"Aumento 15% Areas Riego, Aumento 50% Poblacion"
636,636,Prorrateo,NESM3_ssp126,"Disminuye 15% Areas Riego, Propuesta PEGH Poblacion"
637,637,Prorrateo,NESM3_ssp126,"Disminuye 15% Areas Riego, Aumento 25% Poblacion"
638,638,Prorrateo,NESM3_ssp126,"Disminuye 15% Areas Riego, Aumento 50% Poblacion"
639,639,Prorrateo,NESM3_ssp585,"Propuesta PEGH Riego, Propuesta PEGH Poblacion"
640,640,Prorrateo,NESM3_ssp585,"Propuesta PEGH Riego, Aumento 25% Poblacion"
641,641,Prorrateo,NESM3_ssp585,"Propuesta PEGH Riego, Aumento 50% Poblacion"
642,642,Prorrateo,NESM3_ssp585,"Aumento 15% Areas Riego, Propuesta PEGH Poblacion"
643,643,Prorrateo,NESM3_ssp585,"Aumento 15% Areas Riego, Aumento 25% Poblacion"
644,644,Prorrateo,NESM3_ssp585,"Aumento 15% Areas Riego, Aumento 50% Poblacion"
645,645,Prorrateo,NESM3_ssp585,"Disminuye 15% Areas Riego, Propuesta PEGH Poblacion"
646,646,Prorrateo,NESM3_ssp585,"Disminuye 15% Areas Riego, Aumento 25% Poblacion"
647,647,Prorrateo,NESM3_ssp585,"Disminuye 15% Areas Riego, Aumento 50% Poblacion"
648,648,Prorrateo,EC-Earth3-Veg_ssp126,"Propuesta PEGH Riego, Propuesta PEGH Poblacion"
649,649,Prorrateo,EC-Earth3-Veg_ssp126,"Propuesta PEGH Riego, Aumento 25% Poblacion"
650,650,Prorrateo,EC-Earth3-Veg_ssp126,"Propuesta PEGH Riego, Aumento 50% Poblacion"
651,651,Prorrateo,EC-Earth3-Veg_ssp126,"Aumento 15% Areas Riego, Propuesta PEGH Poblacion"
652,652,Prorrateo,EC-Earth3-Veg_ssp126,"Aumento 15% Areas Riego, Aumento 25% Poblacion"
653,653,Prorrateo,EC-Earth3-Veg_ssp126,"Aumento 15% Areas Riego, Aumento 50% Poblacion"
654,654,Prorrateo,EC-Earth3-Veg_ssp126,"Disminuye 15% Areas Riego, Propuesta PEGH Poblacion"
655,655,Prorrateo,EC-Earth3-Veg_ssp126,"Disminuye 15% Areas Riego, Aumento 25% Poblacion"
656,656,Prorrateo,EC-Earth3-Veg_ssp126,"Disminuye 15% Areas Riego, Aumento 50% Poblacion"
657,657,Prorrateo,EC-Earth3-Veg_ssp585,"Propuesta PEGH Riego, Propuesta PEGH Poblacion"
658,658,Prorrateo,EC-Earth3-Veg_ssp585,"Propuesta PEGH Riego, Aumento 25% Poblacion"
659,659,Prorrateo,EC-Earth3-Veg_ssp585,"Propuesta PEGH Riego, Aumento 50% Poblacion"
660,660,Prorrateo,EC-Earth3-Veg_ssp585,"Aumento 15% Areas Riego, Propuesta PEGH Poblacion"
661,661,Prorrateo,EC-Earth3-Veg_ssp585,"Aumento 15% Areas Riego, Aumento 25% Poblacion"
662,662,Prorrateo,EC-Earth3-Veg_ssp585,"Aumento 15% Areas Riego, Aumento 50% Poblacion"
663,663,Prorrateo,EC-Earth3-Veg_ssp585,"Disminuye 15% Areas Riego, Propuesta PEGH Poblacion"
664,664,Prorrateo,EC-Earth3-Veg_ssp585,"Disminuye 15% Areas Riego, Aumento 25% Poblacion"
665,665,Prorrateo,EC-Earth3-Veg_ssp585,"Disminuye 15% Areas Riego, Aumento 50% Poblacion"
666,666,Prorrateo,ACCESS-CM2_ssp126,"Propuesta PEGH Riego, Propuesta PEGH Poblacion"
667,667,Prorrateo,ACCESS-CM2_ssp126,"Propuesta PEGH Riego, Aumento 25% Poblacion"
668,668,Prorrateo,ACCESS-CM2_ssp126,"Propuesta PEGH Riego, Aumento 50% Poblacion"
669,669,Prorrateo,ACCESS-CM2_ssp126,"Aumento 15% Areas Riego, Propuesta PEGH Poblacion"
670,670,Prorrateo,ACCESS-CM2_ssp126,"Aumento 15% Areas Riego, Aumento 25% Poblacion"
671,671,Prorrateo,ACCESS-CM2_ssp126,"Aumento 15% Areas Riego, Aumento 50% Poblacion"
672,672,Prorrateo,ACCESS-CM2_ssp126,"Disminuye 15% Areas Riego, Propuesta PEGH Poblacion"
673,673,Prorrateo,ACCESS-CM2_ssp126,"Disminuye 15% Areas Riego, Aumento 25% Poblacion"
674,674,Prorrateo,ACCESS-CM2_ssp126,"Disminuye 15% Areas Riego, Aumento 50% Poblacion"
675,675,Prorrateo,ACCESS-CM2_ssp585,"Propuesta PEGH Riego, Propuesta PEGH Poblacion"
676,676,Prorrateo,ACCESS-CM2_ssp585,"Propuesta PEGH Riego, Aumento 25% Poblacion"
677,677,Prorrateo,ACCESS-CM2_ssp585,"Propuesta PEGH Riego, Aumento 50% Poblacion"
678,678,Prorrateo,ACCESS-CM2_ssp585,"Aumento 15% Areas Riego, Propuesta PEGH Poblacion"
679,679,Prorrateo,ACCESS-CM2_ssp585,"Aumento 15% Areas Riego, Aumento 25% Poblacion"
680,680,Prorrateo,ACCESS-CM2_ssp585,"Aumento 15% Areas Riego, Aumento 50% Poblacion"
681,681,Prorrateo,ACCESS-CM2_ssp585,"Disminuye 15% Areas Riego, Propuesta PEGH Poblacion"
682,682,Prorrateo,ACCESS-CM2_ssp585,"Disminuye 15% Areas Riego, Aumento 25% Poblacion"
683,683,Prorrateo,ACCESS-CM2_ssp585,"Disminuye 15% Areas Riego, Aumento 50% Poblacion"
684,684,Prorrateo,MPI-ESM1-2-LR_ssp126,"Propuesta PEGH Riego, Propuesta PEGH Poblacion"
685,685,Prorrateo,MPI-ESM1-2-LR_ssp126,"Propuesta PEGH Riego, Aumento 25% Poblacion"
686,686,Prorrateo,MPI-ESM1-2-LR_ssp126,"Propuesta PEGH Riego, Aumento 50% Poblacion"
687,687,Prorrateo,MPI-ESM1-2-LR_ssp126,"Aumento 15% Areas Riego, Propuesta PEGH Poblacion"
688,688,Prorrateo,MPI-ESM1-2-LR_ssp126,"Aumento 15% Areas Riego, Aumento 25% Poblacion"
689,689,Prorrateo,MPI-ESM1-2-LR_ssp126,"Aumento 15% Areas Riego, Aumento 50% Poblacion"
690,690,Prorrateo,MPI-ESM1-2-LR_ssp126,"Disminuye 15% Areas Riego, Propuesta PEGH Poblacion"
691,691,Prorrateo,MPI-ESM1-2-LR_ssp126,"Disminuye 15% Areas Riego, Aumento 25% Poblacion"
692,692,Prorrateo,MPI-ESM1-2-LR_ssp126,"Disminuye 15% Areas Riego, Aumento 50% Poblacion"
693,693,Prorrateo,MPI-ESM1-2-LR_ssp585,"Propuesta PEGH Riego, Propuesta PEGH Poblacion"
694,694,Prorrateo,MPI-ESM1-2-LR_ssp585,"Propuesta PEGH Riego, Aumento 25% Poblacion"
695,695,Prorrateo,MPI-ESM1-2-LR_ssp585,"Propuesta PEGH Riego, Aumento 50% Poblacion"
696,696,Prorrateo,MPI-ESM1-2-LR_ssp585,"Aumento 15% Areas Riego, Propuesta PEGH Poblacion"
697,697,Prorrateo,MPI-ESM1-2-LR_ssp585,"Aumento 15% Areas Riego, Aumento 25% Poblacion"
698,698,Prorrateo,MPI-ESM1-2-LR_ssp585,"Aumento 15% Areas Riego, Aumento 50% Poblacion"
699,699,Prorrateo,MPI-ESM1-2-LR_ssp585,"Disminuye 15% Areas Riego, Propuesta PEGH Poblacion"
700,700,Prorrateo,MPI-ESM1-2-LR_ssp585,"Disminuye 15% Areas Riego, Aumento 25% Poblacion"
701,701,Prorrateo,MPI-ESM1-2-LR_ssp585,"Disminuye 15% Areas Riego, Aumento 50% Poblacion"
702,702,Prorrateo,AWI-CM-1-1-MR_ssp126,"Propuesta PEGH Riego, Propuesta PEGH Poblacion"
703,703,Prorrateo,AWI-CM-1-1-MR_ssp126,"Propuesta PEGH Riego, Aumento 25% Poblacion"
704,704,Prorrateo,AWI-CM-1-1-MR_ssp126,"Propuesta PEGH Riego, Aumento 50% Poblacion"
705,705,Prorrateo,AWI-CM-1-1-MR_ssp126,"Aumento 15% Areas Riego, Propuesta PEGH Poblacion"
706,706,Prorrateo,AWI-CM-1-1-MR_ssp126,"Aumento 15% Areas Riego, Aumento 25% Poblacion"
707,707,Prorrateo,AWI-CM-1-1-MR_ssp126,"Aumento 15% Areas Riego, Aumento 50% Poblacion"
708,708,Prorrateo,AWI-CM-1-1-MR_ssp126,"Disminuye 15% Areas Riego, Propuesta PEGH Poblacion"
709,709,Prorrateo,AWI-CM-1-1-MR_ssp126,"Disminuye 15% Areas Riego, Aumento 25% Poblacion"
710,710,Prorrateo,AWI-CM-1-1-MR_ssp126,"Disminuye 15% Areas Riego, Aumento 50% Poblacion"
711,711,Prorrateo,AWI-CM-1-1-MR_ssp585,"Propuesta PEGH Riego, Propuesta PEGH Poblacion"
712,712,Prorrateo,AWI-CM-1-1-MR_ssp585,"Propuesta PEGH Riego, Aumento 25% Poblacion"
713,713,Prorrateo,AWI-CM-1-1-MR_ssp585,"Propuesta PEGH Riego, Aumento 50% Poblacion"
714,714,Prorrateo,AWI-CM-1-1-MR_ssp585,"Aumento 15% Areas Riego, Propuesta PEGH Poblacion"
715,715,Prorrateo,AWI-CM-1-1-MR_ssp585,"Aumento 15% Areas Riego, Aumento 25% Poblacion"
716,716,Prorrateo,AWI-CM-1-1-MR_ssp585,"Aumento 15% Areas Riego, Aumento 50% Poblacion"
717,717,Prorrateo,AWI-CM-1-1-MR_ssp585,"Disminuye 15% Areas Riego, Propuesta PEGH Poblacion"
718,718,Prorrateo,AWI-CM-1-1-MR_ssp585,"Disminuye 15% Areas Riego, Aumento 25% Poblacion"
719,719,Prorrateo,AWI-CM-1-1-MR_ssp585,"Disminuye 15% Areas Riego, Aumento 50% Poblacion"
720,720,Exigencia de caudal ecologico,NESM3_ssp126,"Propuesta PEGH Riego, Propuesta PEGH Poblacion"
721,721,Exigencia de caudal ecologico,NESM3_ssp126,"Propuesta PEGH Riego, Aumento 25% Poblacion"
722,722,Exigencia de caudal ecologico,NESM3_ssp126,"Propuesta PEGH Riego, Aumento 50% Poblacion"
723,723,Exigencia de caudal ecologico,NESM3_ssp126,"Aumento 15% Areas Riego, Propuesta PEGH Poblacion"
724,724,Exigencia de caudal ecologico,NESM3_ssp126,"Aumento 15% Areas Riego, Aumento 25% Poblacion"
725,725,Exigencia de caudal ecologico,NESM3_ssp126,"Aumento 15% Areas Riego, Aumento 50% Poblacion"
726,726,Exigencia de caudal ecologico,NESM3_ssp126,"Disminuye 15% Areas Riego, Propuesta PEGH Poblacion"
727,727,Exigencia de caudal ecologico,NESM3_ssp126,"Disminuye 15% Areas Riego, Aumento 25% Poblacion"
728,728,Exigencia de caudal ecologico,NESM3_ssp126,"Disminuye 15% Areas Riego, Aumento 50% Poblacion"
729,729,Exigencia de caudal ecologico,NESM3_ssp585,"Propuesta PEGH Riego, Propuesta PEGH Poblacion"
730,730,Exigencia de caudal ecologico,NESM3_ssp585,"Propuesta PEGH Riego, Aumento 25% Poblacion"
731,731,Exigencia de caudal ecologico,NESM3_ssp585,"Propuesta PEGH Riego, Aumento 50% Poblacion"
732,732,Exigencia de caudal ecologico,NESM3_ssp585,"Aumento 15% Areas Riego, Propuesta PEGH Poblacion"
733,733,Exigencia de caudal ecologico,NESM3_ssp585,"Aumento 15% Areas Riego, Aumento 25% Poblacion"
734,734,Exigencia de caudal ecologico,NESM3_ssp585,"Aumento 15% Areas Riego, Aumento 50% Poblacion"
735,735,Exigencia de caudal ecologico,NESM3_ssp585,"Disminuye 15% Areas Riego, Propuesta PEGH Poblacion"
736,736,Exigencia de caudal ecologico,NESM3_ssp585,"Disminuye 15% Areas Riego, Aumento 25% Poblacion"
737,737,Exigencia de caudal ecologico,NESM3_ssp585,"Disminuye 15% Areas Riego, Aumento 50% Poblacion"
738,738,Exigencia de caudal ecologico,EC-Earth3-Veg_ssp126,"Propuesta PEGH Riego, Propuesta PEGH Poblacion"
739,739,Exigencia de caudal ecologico,EC-Earth3-Veg_ssp126,"Propuesta PEGH Riego, Aumento 25% Poblacion"
740,740,Exigencia de caudal ecologico,EC-Earth3-Veg_ssp126,"Propuesta PEGH Riego, Aumento 50% Poblacion"
741,741,Exigencia de caudal ecologico,EC-Earth3-Veg_ssp126,"Aumento 15% Areas Riego, Propuesta PEGH Poblacion"
742,742,Exigencia de caudal ecologico,EC-Earth3-Veg_ssp126,"Aumento 15% Areas Riego, Aumento 25% Poblacion"
743,743,Exigencia de caudal ecologico,EC-Earth3-Veg_ssp126,"Aumento 15% Areas Riego, Aumento 50% Poblacion"
744,744,Exigencia de caudal ecologico,EC-Earth3-Veg_ssp126,"Disminuye 15% Areas Riego, Propuesta PEGH Poblacion"
745,745,Exigencia de caudal ecologico,EC-Earth3-Veg_ssp126,"Disminuye 15% Areas Riego, Aumento 25% Poblacion"
746,746,Exigencia de caudal ecologico,EC-Earth3-Veg_ssp126,"Disminuye 15% Areas Riego, Aumento 50% Poblacion"
747,747,Exigencia de caudal ecologico,EC-Earth3-Veg_ssp585,"Propuesta PEGH Riego, Propuesta PEGH Poblacion"
748,748,Exigencia de caudal ecologico,EC-Earth3-Veg_ssp585,"Propuesta PEGH Riego, Aumento 25% Poblacion"
749,749,Exigencia de caudal ecologico,EC-Earth3-Veg_ssp585,"Propuesta PEGH Riego, Aumento 50% Poblacion"
750,750,Exigencia de caudal ecologico,EC-Earth3-Veg_ssp585,"Aumento 15% Areas Riego, Propuesta PEGH Poblacion"
751,751,Exigencia de caudal ecologico,EC-Earth3-Veg_ssp585,"Aumento 15% Areas Riego, Aumento 25% Poblacion"
752,752,Exigencia de caudal ecologico,EC-Earth3-Veg_ssp585,"Aumento 15% Areas Riego, Aumento 50% Poblacion"
753,753,Exigencia de caudal ecologico,EC-Earth3-Veg_ssp585,"Disminuye 15% Areas Riego, Propuesta PEGH Poblacion"
754,754,Exigencia de caudal ecologico,EC-Earth3-Veg_ssp585,"Disminuye 15% Areas Riego, Aumento 25% Poblacion"
755,755,Exigencia de caudal ecologico,EC-Earth3-Veg_ssp585,"Disminuye 15% Areas Riego, Aumento 50% Poblacion"
756,756,Exigencia de caudal ecologico,ACCESS-CM2_ssp126,"Propuesta PEGH Riego, Propuesta PEGH Poblacion"
757,757,Exigencia de caudal ecologico,ACCESS-CM2_ssp126,"Propuesta PEGH Riego, Aumento 25% Poblacion"
758,758,Exigencia de caudal ecologico,ACCESS-CM2_ssp126,"Propuesta PEGH Riego, Aumento 50% Poblacion"
759,759,Exigencia de caudal ecologico,ACCESS-CM2_ssp126,"Aumento 15% Areas Riego, Propuesta PEGH Poblacion"
760,760,Exigencia de caudal ecologico,ACCESS-CM2_ssp126,"Aumento 15% Areas Riego, Aumento 25% Poblacion"
761,761,Exigencia de caudal ecologico,ACCESS-CM2_ssp126,"Aumento 15% Areas Riego, Aumento 50% Poblacion"
762,762,Exigencia de caudal ecologico,ACCESS-CM2_ssp126,"Disminuye 15% Areas Riego, Propuesta PEGH Poblacion"
763,763,Exigencia de caudal ecologico,ACCESS-CM2_ssp126,"Disminuye 15% Areas Riego, Aumento 25% Poblacion"
764,764,Exigencia de caudal ecologico,ACCESS-CM2_ssp126,"Disminuye 15% Areas Riego, Aumento 50% Poblacion"
765,765,Exigencia de caudal ecologico,ACCESS-CM2_ssp585,"Propuesta PEGH Riego, Propuesta PEGH Poblacion"
766,766,Exigencia de caudal ecologico,ACCESS-CM2_ssp585,"Propuesta PEGH Riego, Aumento 25% Poblacion"
767,767,Exigencia de caudal ecologico,ACCESS-CM2_ssp585,"Propuesta PEGH Riego, Aumento 50% Poblacion"
768,768,Exigencia de caudal ecologico,ACCESS-CM2_ssp585,"Aumento 15% Areas Riego, Propuesta PEGH Poblacion"
769,769,Exigencia de caudal ecologico,ACCESS-CM2_ssp585,"Aumento 15% Areas Riego, Aumento 25% Poblacion"
770,770,Exigencia de caudal ecologico,ACCESS-CM2_ssp585,"Aumento 15% Areas Riego, Aumento 50% Poblacion"
771,771,Exigencia de caudal ecologico,ACCESS-CM2_ssp585,"Disminuye 15% Areas Riego, Propuesta PEGH Poblacion"
772,772,Exigencia de caudal ecologico,ACCESS-CM2_ssp585,"Disminuye 15% Areas Riego, Aumento 25% Poblacion"
773,773,Exigencia de caudal ecologico,ACCESS-CM2_ssp585,"Disminuye 15% Areas Riego, Aumento 50% Poblacion"
774,774,Exigencia de caudal ecologico,MPI-ESM1-2-LR_ssp126,"Propuesta PEGH Riego, Propuesta PEGH Poblacion"
775,775,Exigencia de caudal ecologico,MPI-ESM1-2-LR_ssp126,"Propuesta PEGH Riego, Aumento 25% Poblacion"
776,776,Exigencia de caudal ecologico,MPI-ESM1-2-LR_ssp126,"Propuesta PEGH Riego, Aumento 50% Poblacion"
777,777,Exigencia de caudal ecologico,MPI-ESM1-2-LR_ssp126,"Aumento 15% Areas Riego, Propuesta PEGH Poblacion"
778,778,Exigencia de caudal ecologico,MPI-ESM1-2-LR_ssp126,"Aumento 15% Areas Riego, Aumento 25% Poblacion"
779,779,Exigencia de caudal ecologico,MPI-ESM1-2-LR_ssp126,"Aumento 15% Areas Riego, Aumento 50% Poblacion"
780,780,Exigencia de caudal ecologico,MPI-ESM1-2-LR_ssp126,"Disminuye 15% Areas Riego, Propuesta PEGH Poblacion"
781,781,Exigencia de caudal ecologico,MPI-ESM1-2-LR_ssp126,"Disminuye 15% Areas Riego, Aumento 25% Poblacion"
782,782,Exigencia de caudal ecologico,MPI-ESM1-2-LR_ssp126,"Disminuye 15% Areas Riego, Aumento 50% Poblacion"
783,783,Exigencia de caudal ecologico,MPI-ESM1-2-LR_ssp585,"Propuesta PEGH Riego, Propuesta PEGH Poblacion"
784,784,Exigencia de caudal ecologico,MPI-ESM1-2-LR_ssp585,"Propuesta PEGH Riego, Aumento 25% Poblacion"
785,785,Exigencia de caudal ecologico,MPI-ESM1-2-LR_ssp585,"Propuesta PEGH Riego, Aumento 50% Poblacion"
786,786,Exigencia de caudal ecologico,MPI-ESM1-2-LR_ssp585,"Aumento 15% Areas Riego, Propuesta PEGH Poblacion"
787,787,Exigencia de caudal ecologico,MPI-ESM1-2-LR_ssp585,"Aumento 15% Areas Riego, Aumento 25% Poblacion"
788,788,Exigencia de caudal ecologico,MPI-ESM1-2-LR_ssp585,"Aumento 15% Areas Riego, Aumento 50% Poblacion"
789,789,Exigencia de caudal ecologico,MPI-ESM1-2-LR_ssp585,"Disminuye 15% Areas Riego, Propuesta PEGH Poblacion"
790,790,Exigencia de caudal ecologico,MPI-ESM1-2-LR_ssp585,"Disminuye 15% Areas Riego, Aumento 25% Poblacion"
791,791,Exigencia de caudal ecologico,MPI-ESM1-2-LR_ssp585,"Disminuye 15% Areas Riego, Aumento 50% Poblacion"
792,792,Exigencia de caudal ecologico,AWI-CM-1-1-MR_ssp126,"Propuesta PEGH Riego, Propuesta PEGH Poblacion"
793,793,Exigencia de caudal ecologico,AWI-CM-1-1-MR_ssp126,"Propuesta PEGH Riego, Aumento 25% Poblacion"
794,794,Exigencia de caudal ecologico,AWI-CM-1-1-MR_ssp126,"Propuesta PEGH Riego, Aumento 50% Poblacion"
795,795,Exigencia de caudal ecologico,AWI-CM-1-1-MR_ssp126,"Aumento 15% Areas Riego, Propuesta PEGH Poblacion"
796,796,Exigencia de caudal ecologico,AWI-CM-1-1-MR_ssp126,"Aumento 15% Areas Riego, Aumento 25% Poblacion"
797,797,Exigencia de caudal ecologico,AWI-CM-1-1-MR_ssp126,"Aumento 15% Areas Riego, Aumento 50% Poblacion"
798,798,Exigencia de caudal ecologico,AWI-CM-1-1-MR_ssp126,"Disminuye 15% Areas Riego, Propuesta PEGH Poblacion"
799,799,Exigencia de caudal ecologico,AWI-CM-1-1-MR_ssp126,"Disminuye 15% Areas Riego, Aumento 25% Poblacion"
800,800,Exigencia de caudal ecologico,AWI-CM-1-1-MR_ssp126,"Disminuye 15% Areas Riego, Aumento 50% Poblacion"
801,801,Exigencia de caudal ecologico,AWI-CM-1-1-MR_ssp585,"Propuesta PEGH Riego, Propuesta PEGH Poblacion"
802,802,Exigencia de caudal ecologico,AWI-CM-1-1-MR_ssp585,"Propuesta PEGH Riego, Aumento 25% Poblacion"
803,803,Exigencia de caudal ecologico,AWI-CM-1-1-MR_ssp585,"Propuesta PEGH Riego, Aumento 50% Poblacion"
804,804,Exigencia de caudal ecologico,AWI-CM-1-1-MR_ssp585,"Aumento 15% Areas Riego, Propuesta PEGH Poblacion"
805,805,Exigencia de caudal ecologico,AWI-CM-1-1-MR_ssp585,"Aumento 15% Areas Riego, Aumento 25% Poblacion"
806,806,Exigencia de caudal ecologico,AWI-CM-1-1-MR_ssp585,"Aumento 15% Areas Riego, Aumento 50% Poblacion"
807,807,Exigencia de caudal ecologico,AWI-CM-1-1-MR_ssp585,"Disminuye 15% Areas Riego, Propuesta PEGH Poblacion"
808,808,Exigencia de caudal ecologico,AWI-CM-1-1-MR_ssp585,"Disminuye 15% Areas Riego, Aumento 25% Poblacion"
809,809,Exigencia de caudal ecologico,AWI-CM-1-1-MR_ssp585,"Disminuye 15% Areas Riego, Aumento 50% Poblacion"
